良夜,ryoya.txt
秋,aki.txt
あばばばば,ababababa.txt
或阿呆の一生,aru_ahono_issho.txt
或敵打の話,aru_katakiuchino_hanashi.txt
或社会主義者,aru_shakaishugisha.txt
或日の大石内蔵助,aruhino_oishi_kuranosuke.txt
或恋愛小説,aruren'ai_shosetsu.txt
闇中問答,anchu_mondo.txt
案頭の書,antono_sho.txt
一夕話,issekiwa.txt
糸女覚え書,itojo_oboegaki.txt
犬と笛,inuto_fue.txt
芋粥,imogayu.txt
魚河岸,uogasi.txt
馬の脚,umano_ashi.txt
海のほとり,umino_hotori.txt
運,un.txt
英雄の器,eiyuno_utsuwa.txt
老いたる素戔嗚尊,oitaru_susanoo.txt
往生絵巻,ojo_emaki.txt
尾形了斎覚え書,ogata_ryosai.txt
おぎん,ogin.txt
お時儀,ojigi.txt
おしの,oshino.txt
お富の貞操,otomino_teiso.txt
鬼ごつこ,onigokko.txt
お律と子等と,oritsuto_korato.txt
温泉だより,onsen_dayori.txt
女,onna.txt
開化の良人,kaikano_otto.txt
開化の殺人,kaikano_satsujin.txt
蛙,kaeru.txt
影,kage.txt
片恋,katakoi.txt
かちかち山,kachikachi_yama.txt
河童,kappa.txt
南瓜,kabocha.txt
神神の微笑,kamigamino_bisho.txt
カルメン,carmen.txt
枯野抄,karenosho.txt
奇怪な再会,kikaina_saikai.txt
奇遇,kigu.txt
煙管,kiseru.txt
きりしとほろ上人伝,kirishitohoro_shoninden.txt
疑惑,giwaku.txt
金将軍,kin_shogun.txt
首が落ちた話,kubigaochita_hanashi.txt
戯作三昧,gesaku_zanmai_shinkana.txt
袈裟と盛遠,kesato_morito.txt
玄鶴山房,genkaku_sanbo.txt
好色,koshoku.txt
黄粱夢,koryomu.txt
黒衣聖母,kokui_seibo.txt
古千屋,kochiya.txt
孤独地獄,kodokujigoku.txt
湖南の扇,konanno_ogi.txt
西郷隆盛,saigo_takamori.txt
西方の人,saihono_hito.txt
寒さ,samusa.txt
猿,saru.txt
三右衛門の罪,san'emonno_tsumi.txt
死後,shigo.txt
地獄変,jigokuhen_shinji.txt
邪宗門,jashumon.txt
十円札,juensatsu.txt
秋山図,shuzanzu.txt
酒虫,shuchu.txt
じゅりあの・吉助,juliano_kichisuke.txt
俊寛,shunkan.txt
将軍,shogun.txt
商賈聖母,shokoseibo.txt
少年,shonen.txt
虱,shirami.txt
蜃気楼,shinkiro.txt
塵労,jinro.txt
素戔嗚尊,susanono_mikoto.txt
捨児,sutego.txt
仙人,sennin2.txt
早春,soshun.txt
続西方の人,zoku_saihono_hito.txt
素描三題,sobyo_sandai.txt
大導寺信輔の半生,daidoji_shinsuke.txt
第四の夫から,daiyonno_ottokara.txt
たね子の憂鬱,tanekono_yutsu.txt
煙草と悪魔,tabakoto_akuma.txt
偸盗,chuto.txt
手紙,tegami_utsukushii_mura_noto.txt
伝吉の敵打ち,denkichi.txt
道祖問答,doso_mondo.txt
東洋の秋,toyono_aki.txt
虎の話,torano_hanashi.txt
長崎小品,nagasaki_shohin.txt
南京の基督,nankinno_kirisuto.txt
廿年後之戦争,nijunengono_senso.txt
尼提,nidai.txt
女仙,nyosen.txt
女体,nyotai.txt
庭,niwa.txt
沼,numa.txt
葱,negi.txt
鼠小僧次郎吉,nezumikozo_jirokichi.txt
年末の一日,nenmatsuno_ichinichi.txt
歯車,haguruma.txt
鼻,hana.txt
母,haha.txt
春の夜は,haruno_yowa.txt
春の夜,haruno_yo.txt
手巾,hankechi.txt
尾生の信,biseino_shin.txt
一塊の土,hitokureno_tsuchi.txt
ひょっとこ,hyottoko.txt
風変りな作品に就いて,fugawarina_sakuhin.txt
不思議な島,fushigina_shima.txt
二つの手紙,futatsuno_tegami.txt
舞踏会,butokai.txt
文放古,fumihogo.txt
冬,fuyu.txt
文章,bunsho.txt
報恩記,hoonki.txt
奉教人の死,hokyoninno_shi.txt
僕は,bokuwa.txt
窓,mado.txt
蜜柑,mikan.txt
三つの窓,mittsuno_mado.txt
妙な話,myona_hanashi.txt
貉,mujina.txt
毛利先生,mori_sensei.txt
桃太郎,momotaro.txt
保吉の手帳から,yasukichino_techokara.txt
藪の中,yabuno_naka.txt
山鴫,yamashigi.txt
悠々荘,yuyuso.txt
誘惑,yuwaku.txt
雪,yuki.txt
百合,yuri.txt
妖婆,yoba.txt
世之助の話,yonosukeno_hanashi.txt
羅生門,rashomon_kyu.txt
竜,ryu.txt
るしへる,rushiheru.txt
老年,ronen.txt
六の宮の姫君,rokunomiyano_himegimi.txt
路上,rojo.txt
LOS CAPRICHOS,los_caprichos.txt
或る女,aruonna.txt
An Incident,an_incident.txt
生まれいずる悩み,umareizuru_nayami.txt
お末の死,osueno_shi.txt
親子,oyako.txt
カインの末裔,kainno_matsuei.txt
潮霧,gas.txt
かんかん虫,kankanmusi.txt
クララの出家,kurarano_shukke.txt
幻想,genso.txt
星座,seiza.txt
小さき者へ,chiisakimonoe.txt
燕と王子,tsubameto_oji.txt
半日,hannichi.txt
卑怯者,hikyomono.txt
骨,hone.txt
「ああしんど」,aa_shindo.txt
夜釣の怪,yozurino_kai.txt
忠僕,chuboku.txt
橋,hashi.txt
奥間巡査,ukumanu_junsa.txt
一利己主義者と友人との対話,ichirikoshugishato_yujinto.txt
火星の芝居,kaseino_shibai.txt
菊池君,kikuchikun.txt
雲は天才である,kumowa_tensai.txt
刑余の叔父,keiyono_oji.txt
札幌,sapporo.txt
赤痢,sekiri.txt
鳥影,torikage.txt
葉書,hagaki.txt
病院の窓,byoinno_mado.txt
漂泊,hyohaku.txt
天鵞絨,birodo.txt
二筋の血,futasujino_chi.txt
道,michi.txt
悪獣篇,akujuhen.txt
紫陽花,ajisai.txt
霰ふる,arare_furu_shinjishinkana.txt
活人形,ikiningyo.txt
遺稿,iko.txt
十六夜,izayoi.txt
伊勢之巻,iseno_maki.txt
一席話,isseki_banashi.txt
印度更紗,indosarasa.txt
薄紅梅,usukobai.txt
唄立山心中一曲,utano_tateyama.txt
海の使者,umino_shisha.txt
瓜の涙,urino_namida.txt
艶書,ensho.txt
縁結び,enmusubi.txt
女客,onna_kyaku.txt
婦系図,onnakeizu.txt
怨霊借用,onryo_shakuyo.txt
海異記,kaiiki.txt
海城発電,kaijo_hatsuden.txt
凱旋祭,gaisen_matsuri.txt
怪談女の輪,kaidan_onnano_wa.txt
貝の穴に河童の居る事,kaino_ana.txt
開扉一妖帖,kaihi_ichiyocho.txt
花間文字,kakanmoji.txt
陽炎座,kageroza.txt
葛飾砂子,katsushikasunago.txt
河伯令嬢,kahaku_reijo.txt
革鞄の怪,kabanno_kai.txt
聞きたるまゝ,kikitaru_mama.txt
菊あわせ,kikuawase.txt
義血侠血,giketsu_kyoketsu.txt
木の子説法,kinoko_seppo.txt
茸の舞姫,kinokono_maihime.txt
貴婦人,kifujin.txt
金時計,kindokei.txt
草あやめ,kusaayame.txt
草迷宮,kusa_meikyu.txt
国貞えがく,kunisada_egaku.txt
黒壁,kurokabe.txt
黒百合,kuroyuri.txt
外科室,gekashitsu.txt
化鳥,kecho_sinjisinkana.txt
月令十二態,getsure_jyunitai.txt
高野聖,koya_hijiri.txt
光籃,koran.txt
小春の狐,koharuno_kitsune.txt
菎蒻本,konnyakubon.txt
三尺角,sanjakukaku.txt
三尺角拾遺,sanjakukaku_shui.txt
三枚続,sanmaitsuzuki.txt
式部小路,shikibukoji.txt
朱日記,shunikki.txt
春昼,shunchu.txt
春昼後刻,shunchu_gokoku.txt
処方秘箋,shohohisen.txt
白金之絵図,shiroganeno_ezu.txt
白花の朝顔,shirobanano_asagao.txt
神鑿,shinsaku.txt
神鷺之巻,shinrono_maki.txt
清心庵,seishin'an.txt
政談十二社,seidan_juniso.txt
雪霊記事,setsureikiji.txt
雪霊続記,setsureizokuki.txt
第二菎蒻本,daini_konnyakubon.txt
旅僧,tabiso.txt
誓之巻,chikaino_maki.txt
註文帳,chumoncho.txt
一寸怪,choito_ayashi.txt
照葉狂言,terihakyogen.txt
取舵,torikaji.txt
南地心中,nanchi_shinju.txt
二、三羽――十二、三羽,ni_sanba.txt
二世の契,niseno_chigiri.txt
日本橋,nihonbashi.txt
人魚の祠,ningyono_hokora.txt
沼夫人,numafujin.txt
売色鴨南蛮,baishoku_kamonanban.txt
蠅を憎む記,haeo_nikumu_ki.txt
伯爵の釵,hakushakuno_kanzashi.txt
化銀杏,bakeicho.txt
妖怪年代記,bakemono_nendaiki.txt
春着,harugi.txt
鷭狩,bangari.txt
ピストルの使い方,pisutoruno_tsukaikata.txt
琵琶伝,biwaden.txt
婦人十一題,fujin_juichidai.txt
二た面,futa_omote.txt
夫人利生記,buninrishoki.txt
古狢,furumujina.txt
蛇くひ,hebikui.txt
星あかり,hoshi_akari.txt
星女郎,hoshijoro.txt
露肆,hoshimise.txt
迷子,maigo.txt
松の葉,matsuno_ha.txt
祭のこと,matsurino_koto.txt
間引菜,mabikina.txt
魔法罎,mahobin.txt
眉かくしの霊,mayukakushino_rei.txt
みさごの鮨,misagono_sushi.txt
みつ柏,mitsugashiwa.txt
薬草取,yakusotori.txt
夜行巡査,yako_junsa.txt
山の手小景,yamanote_syoke.txt
雪の翼,yukino_tsubasa.txt
雪柳,yukiyanagi.txt
湯女の魂,yunano_tamashii.txt
妖術,yojutsu.txt
妖僧記,yosoki.txt
妖魔の辻占,yomano_tsujiura.txt
吉原新話,yoshiwara_shinwa.txt
夜釣,yozuri_shinjikyukana.txt
卵塔場の天女,rantobano_tennyo.txt
竜潭譚,ryutandan.txt
縷紅新草,rukoshinso.txt
押しかけ女房,oshikakenyobo.txt
落穂,ochibo.txt
去年,kyonen.txt
古代之少女,kodaino_shojo.txt
隣の嫁,tonarino_yome.txt
奈々子,nanako_kyu.txt
野菊の墓,nogikuno_haka.txt
浜菊,hamagiku_ruby.txt
春の潮,haruno_ushio.txt
姪子,meigo.txt
守の家,morino_ie.txt
ある男の堕落,aruotoko.txt
ある女の裁判,aru_onnano_saiban.txt
遺書の一部より,ishono_ichibuyori.txt
監獄挿話　面会人控所,kangoku_sowa_menkainin_hikaejo.txt
乞食の名誉,kojikino_meiyo.txt
転機,tenki.txt
白痴の母,hakuchino_haha.txt
火つけ彦七,hitsukehikoshichi.txt
惑ひ,madoi_1918.txt
わがまま,wagamama.txt
亜剌比亜人エルアフイ,arabiajin.txt
姉弟と新聞配達,shiteito_shinbunhaitatsu.txt
一老人,ichirojin.txt
おびとき,obitoki.txt
錦紗,kinsha.txt
競馬,keiba.txt
荒蕪地,kobuchi.txt
瘤,kobu.txt
米,kome.txt
沼畔小話集,shohan_kobanashishu.txt
橋の上,hasino_ue.txt
元禄時代小説第一巻「本朝二十不孝」ぬきほ（言文一致訳）,genrokujidaishosetsu.txt
誠心院の一夜,seishin'inno_ichiya.txt
戦話,senwa.txt
耽溺,tandeki.txt
猫八,nekohachi.txt
感応,kanno.txt
死体室,shitaishitsu.txt
大叫喚,daikyokan.txt
不吉の音と学士会院の鐘,fukitsuno_ototo.txt
松の操美人の生埋,matsuno_misao_02.txt
犬物語,inu_monogatari.txt
貧書生,hinshosei.txt
あの世から便りをする話,anoyokara_tayorio_suru.txt
ある宇宙塵の秘密,aru_uchujinno__himitsu.txt
暗号数字,ango_suji.txt
暗号音盤事件,ango_record_jiken.txt
生きている腸,ikiteiru_harawata.txt
宇宙女囚第一号,uchu_joshu.txt
宇宙尖兵,uchu_senpei.txt
英本土上陸戦の前夜,eihondo_joriku.txt
恐しき通夜,osorosiki_tsuya.txt
階段,kaidan.txt
科学者と夜店商人,kagakushato_yomiseshonin.txt
柿色の紙風船,kakiirono_kamifusen.txt
鍵から抜け出した女,kagikara_nukedashita_onna.txt
火葬国風景,kasokoku_fukei.txt
鞄らしくない鞄,kabanrashikunai_kaban.txt
雷,kaminari.txt
火薬船,kayakusen.txt
棺桶の花嫁,kan'okeno_hanayome.txt
間諜座事件,kanchoza_jiken.txt
奇賊は支払う,kizokuwa_shiharau.txt
奇賊悲願,kizoku_higan.txt
キド効果,kidokoka.txt
鬼仏洞事件,kibutsudojiken.txt
疑問の金塊,gimonno_kinkai.txt
恐怖の口笛,kyofuno_kuchibue.txt
共軛回転弾,kyoyakukaitendan.txt
空気男,kuki_otoko.txt
空襲下の日本,kushukano_nihon.txt
空襲葬送曲,kushu_sosokyoku.txt
空中墳墓,kuchufunbo.txt
くろがね天狗,kurogane_tengu.txt
軍用鮫,gun'yozame.txt
軍用鼠,gunyoso.txt
幸運の黒子,kounno_hokuro.txt
ゴールデン・バット事件,golden_bat_jiken.txt
国際殺人団の崩壊,kokusai_satsujindanno.txt
壊れたバリコン,kowareta_barikon.txt
今昔ばなし抱合兵団,konjaku_banashi.txt
最小人間の怪,saisho_ningenno_kai.txt
殺人の涯,satsujinno_hate.txt
三角形の恐怖,sankakkeino_kyoufu.txt
三重宙返りの記,sanju_chugaerino_ki.txt
三人の双生児,sanninno_soseiji.txt
時限爆弾奇譚,jigenbakudankitan.txt
地獄街道,jigoku_kaido.txt
地獄の使者,jigokuno_shisha.txt
十年後のラジオ界,junengono_rajiokai.txt
十八時の音楽浴,juhachijino_ongakuyoku.txt
省線電車の射撃手,shosen_densha.txt
白蛇の死,shirohebino_shi.txt
心臓盗難,shizo_tonan.txt
人造人間事件,jinzoningen_jiken.txt
人造人間戦車の機密,jinzoningen_sensha.txt
人造物語,jinzo_monogatari.txt
振動魔,shindoma.txt
深夜の市長,shin-yano_shicho.txt
すり替え怪画,surikae_kaiga.txt
西湖の屍人,seikono_shijin.txt
赤外線男,sekigaisen_otoko.txt
赤耀館事件の真相,sekiyokan.txt
一九五〇年の殺人,1950nenno_satsujin.txt
戦時旅行鞄,senji_ryokokaban.txt
千年後の世界,sennengono_sekai.txt
第五氷河期,daigo_hyogaki.txt
大使館の始末機関,taishikanno_shimatsukikan.txt
大脳手術,daino_shujutsu.txt
第四次元の男,daiyojigenno_otoko.txt
断層顔,dansogan.txt
地球盗難,chikyutonan.txt
地球発狂事件,madearth_ruby.txt
地球要塞,chikyu_yosai.txt
地球を狙う者,chikyuo_nerau_mono.txt
地軸作戦,chijikusakusen.txt
地中魔,chichuma.txt
千早館の迷路,chihayakanno_meiro.txt
諜報中継局,choho_chukeikyoku.txt
沈没男,chinbotsu_otoko.txt
月世界探険記,tsukino_sekai_tankenki.txt
電気看板の神経,denkikanbanno_shinkei.txt
電気風呂の怪死事件,denkiburono_kaishi.txt
東京要塞,tokyo_yosai.txt
毒瓦斯発明官,dokugasu_hatsumeikan.txt
独本土上陸作戦,dokuhondo_joriku_sakusen.txt
特許多腕人間方式,tokkyo_tawanningen_hoshiki.txt
仲々死なぬ彼奴,nakanaka_shinanu_aitsu.txt
二、〇〇〇年戦争,2000nen_senso.txt
人間灰,ningenkai.txt
ネオン横丁殺人事件,neon'yokocho_satsujin.txt
脳の中の麗人,nononakano_reijin.txt
のろのろ砲弾の驚異,noronoro_hodan.txt
蠅,hae.txt
蠅男,haeotoko.txt
獏鸚,bakuo.txt
白銅貨の効用,hakudokano_koyo.txt
爬虫館事件,hachukan_jiken.txt
発明小僧,hatsumei_kozo.txt
一坪館,hitotsubokan.txt
氷河期の怪人,hyogakino_kaijin.txt
ヒルミ夫人の冷蔵鞄,hirumi_fujin.txt
不思議なる空間断層,fushiginaru_kukandanso.txt
俘囚,fusyuu.txt
不沈軍艦の見本,fuchingunkanno_mihon.txt
放送された遺言,hososareta_yuigon.txt
麻雀殺人事件,majan_satsujinjiken.txt
街の探偵,machinotantei.txt
見えざる敵,miezaruteki.txt
密林荘事件,mitsurinso_jiken.txt
未来の地下戦車長,miraino_chikasenshacho.txt
名士訪問記,meishi_homonki.txt
もくねじ,mokuneji.txt
什器破壊業事件,monookowasunoga_shobai.txt
遊星植民説,yusei_shokuminnsetsu.txt
幽霊船の秘密,yureisen.txt
夜泣き鉄骨,yonaki_tekkotsu.txt
予報省告示,yohosho_kokuji.txt
流線間諜,ryusen_spy.txt
霊魂第十号の秘密,reikon_daijugo.txt
人造人間殺害事件,robot_satsugai_jiken.txt
悪因縁の怨,akuinnenno_urami.txt
怪異暗闇祭,kaii_kurayamimatsuri.txt
怪異黒姫おろし,kaii_kurohimeoroshi.txt
壁の眼の怪,kabeno_meno_kai.txt
月世界跋渉記,gessekai_basshoki.txt
死剣と生縄,shikento_ikinawa.txt
丹那山の怪,tannayamano_kai.txt
備前天一坊,bizen_ten'ichibo.txt
あの顔,ano_kao.txt
消えた霊媒女,kieta_mijiamu.txt
機密の魅惑,kimitsuno_miwaku.txt
恐怖の幻兵団員,kyofuno_maboroshi_heidanin.txt
黒猫十三,kuroneko_tomi.txt
鷺娘,sagimusume.txt
蛇性の執念,jaseino_shunen.txt
情鬼,joki.txt
深夜の客,shin'yano_kyaku.txt
心霊の抱く金塊,shinreino_idaku_kinkai.txt
素晴しい記念品,subarashii_kinenhin.txt
魂の喘ぎ,tamashiino_aegi.txt
鉄の処女,tetsuno_shojo.txt
鳩つかひ,hato_tsukai.txt
美人鷹匠,bijin_takajo.txt
梟の眼,fukurono_me.txt
魔性の女,mashono_onna.txt
耳香水,mimikosui.txt
むかでの跫音,mukadeno_ashioto.txt
妖影,yoei.txt
和製椿姫,wasei_tsubakihime.txt
あやつり裁判,ayatsuri_saiban.txt
石塀幽霊,ishibeiyurei.txt
動かぬ鯨群,ugokanu_geigun.txt
カンカン虫殺人事件,kankanmushi.txt
寒の夜晴れ,kanno_yobare.txt
気狂い機関車,kichigai_kikansha.txt
銀座幽霊,ginza_yurei.txt
坑鬼,koki.txt
三狂人,sankyojin.txt
三の字旅行会,sannoji_ryokokai.txt
死の快走船,shino_kaisosen.txt
闖入者,chinnyusha.txt
デパートの絞刑吏,departno_kokeiri.txt
灯台鬼,todaiki.txt
とむらい機関車,tomurai_kikansha.txt
白妖,hakuyo.txt
花束の虫,hanatabano_mushi.txt
幽霊妻,yureizuma.txt
鎖工場,kusari_kojo.txt
旅客機事件,ryokakuki_jiken.txt
子供の霊,kodomono_rei.txt
死神,shinigami.txt
白い蝶,shiroi_cho.txt
愛,ai.txt
秋の夜がたり,akino_yogatari.txt
汗,ase.txt
上田秋成の晩年,ueda_akinarino_bannen.txt
越年,etsunen.txt
おせっかい夫人,osekkai_fujin.txt
快走,kaiso.txt
過去世,kakoze.txt
勝ずば,katazuba.txt
かの女の朝,kanojono_asa.txt
ガルスワーシーの家,galsworthy_no_ie.txt
家霊,karei.txt
川,kawa.txt
河明り,kawaakari.txt
気の毒な奥様,kinodokuna_okusama.txt
兄妹,kyodai.txt
金魚撩乱,kingyo_ryoran.txt
唇草,kuchibiruso.txt
決闘場,kettojo.txt
高原の太陽,kogenno_taiyo.txt
蝙蝠,komori.txt
小町の芍薬,komachino_syakuyaku.txt
渾沌未分,konton_mibun.txt
酋長,shucho.txt
食魔,shokuma.txt
鮨,sushi.txt
荘子,soshi.txt
茶屋知らず物語,chaya_shirazu_monogatari.txt
蔦の門,tsutano_mon.txt
鶴は病みき,tsuruwa_yamiki.txt
豆腐買い,tofukai.txt
ドーヴィル物語,deauville_monogatari.txt
とと屋禅譚,totoyazentan.txt
扉の彼方へ,tobirano_kanatae.txt
夏の夜の夢,natsuno_yono_yume.txt
売春婦リゼット,baishunfu_rizetto.txt
バットクラス,but_class.txt
花は勁し,hanawa_tsuyoshi.txt
母と娘,hahato_musume.txt
巴里祭,parisai.txt
晩春,banshun.txt
百喩経,hyakuyukyo.txt
富士,fuji.txt
宝永噴火,hoeifunka.txt
母子叙情,boshi_jojo.txt
みちのく,michinoku.txt
娘,musume.txt
明暗,meian.txt
呼ばれし乙女,yobareshi_otome.txt
鯉魚,rigyo.txt
老妓抄,rogi_sho.txt
老主の一時期,roshuno_ichijiki.txt
麻畑の一夜,asabatakeno_ichiya.txt
穴,ana.txt
池袋の怪,ikebukurono_kai.txt
異妖編,iyohen.txt
有喜世新聞の話,ukiyoshinbunno_hanashi.txt
牛,ushi.txt
鰻に呪われた男,unagini_norowareta_otoko.txt
海亀,umigame.txt
恨みの蠑螺,uramino_sazae.txt
江戸の化物,edono_bakemono.txt
小坂部姫,osakabe_hime.txt
鴛鴦鏡,oshidorikagami.txt
お住の霊,osumino_rei.txt
怪獣,kaiju.txt
影を踏まれた女,kageo_fumareta_onna.txt
画工と幽霊,gakoto_yurei.txt
籠釣瓶,kagotsurube.txt
河童小僧,kappa_kozo.txt
鐘ヶ淵,kanegafuchi.txt
兜,kabuto.txt
火薬庫,kayakuko.txt
木曽の怪物,kisono_etemono.txt
木曽の旅人,kisono_tabibito.txt
黄八丈の小袖,kihachijono_kosode.txt
経帷子の秘密,kyokatabirano_himitsu.txt
魚妖,gyoyo.txt
蜘蛛の夢,kumono_yume.txt
くろん坊,kuronbo.txt
五色蟹,goshiki_gani.txt
子供役者の死,kodomoyakushano_shi.txt
こま犬,komainu.txt
山椒魚,sanshouo.txt
慈悲心鳥,jihishincho.txt
女侠伝,jokyoden.txt
真鬼偽鬼,shinki_giki.txt
心中浪華の春雨,shinju_naniwano_harusame.txt
西瓜,suika.txt
水鬼,suiki.txt
青蛙堂鬼談,seiado_kidan.txt
玉藻の前,tamamono_mae.txt
探偵夜話,tantei_yawa.txt
父の怪談,chichino_kaidan.txt
月の夜がたり,tsukino_yogatari.txt
停車場の少女,teishabano_shojo.txt
虎,tora.txt
鳥辺山心中,toribeyama_shinju.txt
廿九日の牡丹餅,nijukunichino_botamochi.txt
鼠,nezumi.txt
白髪鬼,hakuhatsuki.txt
放し鰻,hanashiunagi.txt
馬妖記,bayoki.txt
半七捕物帳,ofumi.txt
番町皿屋敷,bancho_sarayashiki.txt
飛騨の怪談,hidano_kaidan.txt
百物語,hyakumonogatari.txt
深見夫人の死,fukamifujinno_shi.txt
平造とお鶴,heizoto_otsuru.txt
マレー俳優の死,marehaiyuno_shi.txt
三浦老人昔話,miurarojin_mukashibanashi.txt
箕輪心中,minowa_shinju.txt
雪女,yukionna.txt
ゆず湯,yuzuyu.txt
指輪一つ,yubiwa_hitotsu.txt
夢のお七,yumeno_oshichi.txt
離魂病,rikonbyo.txt
両国の秋,ryogokuno_aki.txt
鷲,washi.txt
櫛,kushi.txt
過ぎた春の記憶,sugita_haruno_kioku.txt
抜髪,nukegami.txt
百合の花,yurino_hana.txt
味瓜畑,ajiuribatake.txt
雨中記,uchuki.txt
塩を撒く,shioo_maku.txt
土の中の馬賊の歌,tsuchino_nakano_bazokuno_uta.txt
泥鰌,dojo.txt
殴る,naguru.txt
憂鬱な家,yuutsuna_ie.txt
裸婦,rafu.txt
世間師,sekenshi.txt
深川女房,fukagawa_nyobo.txt
一週一夜物語,isshuichiya_monogatari.txt
オフェリヤ殺し,ophelia_goroshi.txt
紅毛傾城,komo_keisei.txt
黒死館殺人事件,kokushikan_satsujin_jiken.txt
後光殺人事件,goko_satsujinjiken.txt
失楽園殺人事件,shitsurakuen_rubi.txt
地虫,jimushi.txt
白蟻,shiroari_ruby.txt
人外魔境,jingai05.txt
聖アレキセイ寺院の惨劇,seiarekisei.txt
絶景万国博覧会,zekkei_bankoku_hakurankai.txt
潜航艇「鷹の城」,senkotei_habichtburg.txt
「太平洋漏水孔」漂流記,dabukku_hyoryuki.txt
人魚謎お岩殺し,ningyono_nazo_oiwagoroshi.txt
方子と末起,masakoto_maki.txt
夢殿殺人事件,yumedonosatsujinjiken.txt
金色夜叉,konjikiyasha.txt
今戸狐,imadogitsune.txt
梅龍の話,umeryono_hanashi.txt
女の膝,onnano_hiza.txt
梨の実,nashino_mi.txt
反古,hogo.txt
秋深き,aki_fukaki.txt
アド・バルーン,ad_balloon.txt
雨,ame.txt
鬼,oni.txt
勧善懲悪,kanzenchoaku.txt
昨日・今日・明日,kino_kyo_asu.txt
郷愁,kyoshu.txt
経験派,keikenha.txt
婚期はずれ,konki_hazure.txt
猿飛佐助,sarutobi_sasuke.txt
実感,jikkan.txt
青春の逆説,seishunno_gyakusetsu.txt
世相,sesou_ruby.txt
俗臭,zokushu.txt
それでも私は行く,soredemo_watashiwa_iku.txt
旅への誘い,tabieno_izanai.txt
中毒,chudoku.txt
聴雨,tyouu.txt
妻の名,tsumano_na.txt
天衣無縫,ten'i_muho.txt
電報,denpo.txt
土曜夫人,doyo_fujin.txt
ひとりすまう,hitori_sumo.txt
ヒント,hinto.txt
報酬,hoshu.txt
放浪,hourou_ruby.txt
道なき道,michinaki_michi.txt
民主主義,minshushugi.txt
夫婦善哉,meotozenzai.txt
眼鏡,megane.txt
面会,menkai.txt
夜光虫,yakochu.txt
薬局,yakkyoku.txt
雪の夜,yukino_yoru.txt
妖婦,yofu.txt
夜の構図,yoruno_kozu.txt
六白金星,roppaku_kinsei.txt
わが町,wagamachi.txt
薄どろどろ,usudorodoro.txt
お伽草子の一考察,otogizoshi.txt
死者の書,shishano_sho_shoko.txt
身毒丸,shintokumaru.txt
万葉びとの生活,manyobitono_seikatsu.txt
どろぼう猫,dorobo_neko.txt
空中征服,kuchuseifuku.txt
蠢く者,ugomekumono.txt
哀しき父,kanashiki_chichi.txt
奇病患者,kibyokanja.txt
湖畔手記,kohan_shuki.txt
子をつれて,koo_tsurete.txt
椎の若葉,shiino_wakaba.txt
死児を産む,shijio_umu.txt
父の出郷,chichino_shukkyo.txt
父の葬式,chichino_soshiki.txt
血を吐く,chio_haku.txt
遁走,tonso.txt
贋物,nisemono.txt
浮浪,furo.txt
遊動円木,yudo_enboku.txt
愛撫,aibu.txt
ある崖上の感情,aru_gakeueno_kanjo.txt
ある心の風景,aru_kokorono_fukei.txt
温泉,onsen.txt
過古,kako.txt
川端康成第四短篇集「心中」を主題とせるヴァリエイシヨン,kawabata_yasunari_daiyon.txt
奎吉,keikichi.txt
Ｋの昇天,kno_shoten.txt
交尾,koubi.txt
桜の樹の下には,sakurano_kino_shitaniwa.txt
城のある町にて,shirono_aru_machi.txt
雪後,setsugo.txt
太郎と街,taroto_machi.txt
小さき良心,chiisaki_ryoshin.txt
泥濘,deinei.txt
橡の花,tochino_hana.txt
のんきな患者,nonkina_kanja.txt
不幸,fuko.txt
冬の蠅,fuyuno_hae.txt
冬の日,fuyuno_hi.txt
闇の書,yamino_sho.txt
檸檬,lemon.txt
今度こそ,kondokoso.txt
菜の花月夜,nanohanazukiyo.txt
エルヴィスから始まった,elvis_kara_hajimatta.txt
時差のないふたつの島,jisanonai_hutatsuno_shima.txt
七月の水玉,shichigatsuno_mizutama.txt
少女時代,shojo_jidai.txt
東京青年,tokyo_seinen.txt
夏と少年の短篇,natsuto_shonenno_tanpen.txt
波乗りの島,naminorino_shima.txt
頬よせてホノルル,hooyosete_honolulu.txt
道順は彼女に訊く,michijunwa_kanojoni_kiku.txt
物のかたちのバラッド,monono_katachino_ballade.txt
ラハイナまで来た理由,lahaina_made_kitariyu.txt
霜,shimo.txt
夏蚕時,natsukodoki.txt
恭三の父,kyozono_chichi.txt
乳の匂ひ,chichino_nioi.txt
世の中へ,yononakae.txt
ごりがん,gorigan.txt
死刑,shikei.txt
太政官,dajokan.txt
東光院,tokoin.txt
鱧の皮,hamono_kawa.txt
兵隊の宿,heitaino_yado.txt
足相撲,ashizumo.txt
崖の下,gakeno_shita.txt
業苦,goku.txt
途上,tojo.txt
滑川畔にて,namerigawa_hotori_nite.txt
書記官,shokikan.txt
偽刑事,nisekeiji.txt
夏の月,natsuno_tsuki.txt
夢は呼び交す,yumewa_yobikawasu.txt
青木の出京,aokino_shukkyo.txt
仇討禁止令,adauchi_kinshirei.txt
仇討三態,adauchi_santai.txt
姉川合戦,anegawano_kassen.txt
ある恋の話,aru_koino_hanashi.txt
ある抗議書,aru_kogisho.txt
厳島合戦,itsukushimano_kassen.txt
Ｍ侯爵と写真師,emukoshakuto_shashinshi.txt
応仁の乱,oninno_ran.txt
大阪夏之陣,oosaka_natsunojin.txt
大島が出来る話,oshimaga_dekiru_hanashi.txt
桶狭間合戦,okehazamano_kassen.txt
小田原陣,odawarano_jin.txt
恩讐の彼方に,onshuno_kanatani.txt
女強盗,onnagoto.txt
恩を返す話,on'o_kaesu_hanashi.txt
形,katachi.txt
川中島合戦,kawanakajimano_kassen.txt
吉良上野の立場,kirakozukeno_tachiba.txt
勲章を貰う話,kunshoo_morau_hanashi.txt
極楽,gokuraku.txt
真田幸村,sanada_yukimura.txt
四条畷の戦,shijonawateno_tatakai.txt
賤ヶ岳合戦,shizugatakeno_kassen.txt
島原心中,shimabara_shinju.txt
島原の乱,shimabarano_ran.txt
出世,shusse.txt
勝負事,shobugoto.txt
真珠夫人,shinju_fujin_kyukana.txt
ゼラール中尉,zeral_chui.txt
船医の立場,sen'ino_tachiba.txt
大力物語,dairiki_monogatari.txt
忠直卿行状記,tadanaokyo_gyojoki.txt
田原坂合戦,tabaruzakano_kassen.txt
貞操問答,teiso_mondo.txt
鳥羽伏見の戦,tobafushimino_tatakai.txt
長篠合戦,nagashinono_kassen.txt
奉行と人相学,bugyoto_ninsogaku.txt
碧蹄館の戦,hekiteikanno_tatakai.txt
三浦右衛門の最後,miura_uemon.txt
身投げ救助業,minage_kyujogyo.txt
無名作家の日記,mumei_ruby.txt
山崎合戦,yamazakino_kassen.txt
蘭学事始,rangaku_kotohajime.txt
乱世,ransei.txt
若杉裁判長,wakasugi_saibancho.txt
秋の雲,akino_kumo.txt
ある夫婦の歴史,arufufuno_rekishi.txt
アンリエツトの転地療養日記,anriettono_tenchiryoyo.txt
泉,izumi.txt
海の誘惑,umino_yuwaku.txt
女九歳,onna_kyusai.txt
女七歳,onna_nanasai.txt
髪の毛と花びら,kaminoketo_hanabira.txt
カルナツクの夏の夕,carnac.txt
記憶のいたづら,kiokuno_itazura.txt
荒天吉日,koten_kichijitsu.txt
この握りめし,kono_nigirimeshi.txt
戦争指導者,senso_shidosha.txt
それができたら,sorega_dekitara.txt
田巻安里のコーヒー,tamakianrino_kohi.txt
誰でもない……自分でもない,daredemonai.txt
菜の花は赤い,nanohanawa_akai.txt
光は影を,hikariwa_kageo.txt
火の扉,hino_tobira.txt
ブルタアニュの伝説より,burutanyu.txt
放浪者,horosha.txt
緑の星,midorino_hoshi.txt
山形屋の青春,yamagatayano_seishun.txt
練習曲,renshukyoku.txt
鬼無菊,kinashigiku.txt
頭上の響,zujono_hibiki.txt
千ヶ寺詣,sengajimode.txt
闥の響,doano_hibiki.txt
火の柱,hino_hashira.txt
少年の死,shonenno_shi.txt
天馬,tenma.txt
光の中に,hikarino_nakani.txt
尹主事,yunshuji.txt
太陽系統の滅亡,taiyo_keitono_metsubo.txt
幾度目かの最期,ikudomekano_saigo.txt
落ちてゆく世界,ochite_yuku_sekai.txt
久坂葉子の誕生と死亡,kusaka_yokono_tanjo.txt
入梅,nyubai.txt
灰色の記憶,haiirono_kioku.txt
華々しき瞬間,hanabanashiki_shunkan.txt
歌麿懺悔,utamaro_zange.txt
おせん,osen.txt
曲亭馬琴,kyokutei_bakin.txt
乳を刺す,chichio_sasu.txt
赤い手,akai_te.txt
赤格子九郎右衛門,akagoshi_kuroemon.txt
赤格子九郎右衛門の娘,akagoshi_kuroemonno_musume.txt
赤坂城の謀略,akasakajono_karakuri.txt
鴉片を喫む美少年,ahen'o_nomu_bishonen.txt
天草四郎の妖術,amakusa_shirono_yojutsu.txt
怪しの者,ayashino_mono.txt
怪しの館,ayashino_yakata.txt
一枚絵の女,ichimaieno_onna.txt
犬神娘,inugami_musume.txt
鸚鵡蔵代首伝説,omugura_kaekubi_densetsu.txt
大鵬のゆくえ,otorino_yukue.txt
大捕物仙人壺,otorimono_sennintsubo.txt
十二神貝十郎手柄話,ochifurui_kaijuro.txt
温室の恋,onshitsuno_koi.txt
隠亡堀,onbobori.txt
開運の鼓,kaiunno_tsuzumi.txt
鵞湖仙人,gako_sennin.txt
仇討姉妹笠,katakiuchi_kyodaigasa.txt
弓道中祖伝,kyudo_chusoden.txt
銀三十枚,gin_sanjumai.txt
首頂戴,kubi_chodai.txt
戯作者,gesakusha.txt
剣侠,kenkyo.txt
甲州鎮撫隊,koshu_chinbutai.txt
郷介法師,gosuke_hoshi.txt
紅白縮緬組,kohaku_chirimengumi.txt
五右衛門と新左,goemonto_shinza.txt
沙漠の古都,sabakuno_koto.txt
猿ヶ京片耳伝説,sarugakyo_densetsu.txt
三甚内,san_jinnai.txt
正雪の遺書,shosetsuno_kakioki.txt
神州纐纈城,shinshu_koketsujo.txt
神秘昆虫館,shinpi_konchukan.txt
生死卍巴,seishi_manji_domoe.txt
善悪両面鼠小僧,zen'aku_ryomen_nezumikozo.txt
前記天満焼,zenki_tenmayake.txt
染吉の朱盆,somekichino_shubon.txt
高島異誌,takashimaishi.txt
稚子法師,chigo_hoshi.txt
血ぬられた懐刀,chinurareta_kaito.txt
血曼陀羅紙帳武士,chimandara_shicho_bushi.txt
天主閣の音,tenshukakuno_oto.txt
銅銭会事変,dosenkai_jihen.txt
南蛮秘話森右近丸,nanbanhiwa_moriukonmaru.txt
人を呪わば,hitoo_norowaba.txt
二人町奴,futari_machiyakko.txt
日置流系図,hekiryu_keizu.txt
北斎と幽霊,hokusaito_yurei.txt
真間の手古奈,mamano_tekona.txt
岷山の隠士,minzanno_inshi.txt
娘煙術師,musume_enjutsushi.txt
村井長庵記名の傘,muraichoan_naire_karakasa.txt
名人地獄,meijin_jigoku.txt
物凄き人喰い花の怪,monosugoki_hitokuibanano_kai.txt
八ヶ嶽の魔神,yatsugatakeno_majin.txt
柳営秘録かつえ蔵,ryueihiroku_katsuegura.txt
あの時分,ano_jibun.txt
初孫,uimago.txt
運命論者,unmei_ronsha.txt
置土産,okimiyage.txt
おとずれ,otozure.txt
河霧,kawagiri.txt
窮死,kyushi.txt
牛肉と馬鈴薯,gyuniku_rubi.txt
源おじ,genoji.txt
恋を恋する人,koiwokoi.txt
郊外,kogai.txt
号外,gogai.txt
少年の悲哀,kodomono_kanashimi.txt
小春,koharu.txt
鹿狩り,shikagari.txt
酒中日記,Shuchu_rubi.txt
女難,jonan.txt
石清虚,sekiseikyo.txt
たき火,takibi.txt
竹の木戸,takeno_kido.txt
富岡先生,tomioka_sensei.txt
二少女,ni_shojo.txt
二老人,nirojin.txt
初恋,hatsukoi.txt
春の鳥,haruno_tori.txt
日の出,hinode.txt
非凡なる凡人,hibonnaru_bonjin.txt
疲労,hiro.txt
まぼろし,maboroshi.txt
節操,misao.txt
都の友へ、Ｂ生より,miyakono_tomoe.txt
わかれ,wakare.txt
忘れえぬ人々,wasureenu_hitobito.txt
三の酉,sanno_tori.txt
春泥,shundei.txt
競漕,kyoso.txt
父の死,chichino_shi.txt
手品師,tejinashi.txt
良友悪友,ryoyu_akuyu.txt
光り合ういのち,hikariau_inochi.txt
血の文字,chino_moji.txt
無惨,muzan.txt
幽霊塔,yureito.txt
断崖の錯覚,dangaino_sakkaku.txt
渦巻ける烏の群,uzumakeru_karasu.txt
国境,kokkyo.txt
砂糖泥棒,sato_dorobo.txt
前哨,zensho.txt
橇,sori.txt
チチハルまで,chichiharumade.txt
豚群,tongun.txt
二銭銅貨,nisen_doka.txt
窃む女,nusumu_onna.txt
パルチザン・ウォルコフ,partisan.txt
氷河,hyoga.txt
武装せる市街,busoseru_shigai.txt
浮動する地価,fudosuru_chika.txt
防備隊,bobitai.txt
まかないの棒,makanaino_bo.txt
名勝地帯,meisho_chitai.txt
土鼠と落盤,mogurato_rakuban.txt
雪のシベリア,yukino_shiberia.txt
老夫婦,ro_fufu.txt
春水と三馬,shunsuito_sanba.txt
愛の為めに,aino_tameni.txt
青服の男,aofukuno_otoko.txt
蜘蛛,kumo.txt
計略二重戦,keiryaku_nijusen.txt
血液型殺人事件,ketsuekigata_satsujinjiken.txt
黄鳥の嘆き,kochono_nageki.txt
琥珀のパイプ,kohakuno_pipe.txt
殺人迷路,satsujin_meiro_10.txt
真珠塔の秘密,shinjutono_himitsu.txt
ニッケルの文鎮,nikkeruno_bunchin.txt
支倉事件,hasekurajiken.txt
罠に掛った人,wanani_kakatta_hito.txt
運命,unmei.txt
鵞鳥,gacho.txt
雁坂越,karisaka.txt
観画談,kangadan.txt
幻談,gendan_ruby.txt
五重塔,gojuno_to.txt
骨董,kotto.txt
太郎坊,tarobo.txt
ねじくり博士,nejikuri_hakase.txt
貧乏,binbo.txt
風流仏,furyubutsu.txt
二日物語,futsuka_monogatari.txt
魔法修行者,maho_shugyosha.txt
名工出世譚,meiko_shussetan.txt
雪たたき,yukitataki.txt
連環記,renkanki.txt
蘆声,rosei.txt
誤った鑑定,ayamatta_kantei.txt
暴風雨の夜,arashino_yoru.txt
安死術,anshijutsu.txt
按摩,anma.txt
遺伝,iden.txt
犬神,inugami.txt
印象,insho.txt
恐ろしき贈物,osoroshiki_okurimono.txt
怪談綺談,kaidan_kidan.txt
外務大臣の死,gaimudaijinno_shi.txt
狂女と犬,kyojoto_inu.txt
愚人の毒,gujinno_doku.txt
稀有の犯罪,keuno_hanzai.txt
血友病,ketsuyubyo.txt
現場の写真,genbano_shashin.txt
好色破邪顕正,koshoku_haja_kensei.txt
死体蝋燭,shitai_rosoku.txt
死の接吻,shino_seppun.txt
手術,shujutsu.txt
新案探偵法,shin'an_tanteiho.txt
人工心臓,jinkoshinzo.txt
体格検査,taikaku_kensa.txt
段梯子の恐怖,danbashigono_kyofu.txt
痴人の復讐,chijinno_fukushu.txt
血の盃,chino_sakazuki .txt
闘争,toso.txt
謎の咬傷,nazono_kamikizu.txt
肉腫,nikushu.txt
二重人格者,niju_jinkakusha.txt
猫と村正,nekoto_muramasa.txt
呪われの家,norowareno_ie.txt
初往診,hatsuoshin.txt
鼻に基く殺人,hanani_motozuku_satsujin.txt
卑怯な毒殺,hikyona_dokusatsu.txt
被尾行者,hi_bikosha.txt
秘密の相似,himitsuno_soji.txt
変な恋,henna_koi.txt
三つの痣,mittsuno_aza.txt
メデューサの首,medusano_kubi.txt
恋愛曲線,renai_kyokusen.txt
菜の花物語,nanohanamonogatari.txt
河原の対面,kawarano_taimen.txt
父の帰宅,chichino_kitaku.txt
念仏の家,nenbutsuno_ie.txt
争われない事実,arasowarenai_jijitsu.txt
蟹工船,kanikosen.txt
疵,kizu.txt
級長の願い,kyuchono_negai.txt
工場細胞,kojosaibo.txt
一九二八年三月十五日,1928_3_15.txt
党生活者,toseikatsusha.txt
独房,dokubo.txt
母たち,hahatachi.txt
人を殺す犬,hitoo_korosu_inu.txt
不在地主,fuzai_jinushi.txt
防雪林,bosetsurin.txt
扉は語らず,tobirawa_katarazu.txt
トンカトントンカッタカッタ,tonkatonton_kattakatta.txt
念珠集,nenjushu.txt
油地獄,aburajigoku.txt
かくれんぼ,kakurenbo.txt
ある完全犯罪人の手記,aru_kanzen_hanzaininno_shuki.txt
京鹿子娘道成寺,kyokanoko_musume_dojoji.txt
静かな歩み,shizukana_ayumi.txt
撮影所殺人事件,stadio_murder_case.txt
空飛ぶ悪魔,soratobu_akuma.txt
ながうた勧進帳,nagauta_kanjincho.txt
両面競牡丹,futaomote_kurabebotan.txt
青い絨毯,aoi_jutan.txt
青鬼の褌を洗う女,aoonino_fundoshi.txt
雨宮紅庵,amemiya_koan.txt
アンゴウ,ango.txt
家康,ieyasu.txt
遺恨,ikon.txt
居酒屋の聖人,izakayano_seijin.txt
石の思ひ,ishino_omoi.txt
いづこへ,izukoe.txt
イノチガケ,inochigake.txt
淫者山へ乗りこむ,inja_yamae_norikomu.txt
海の霧,umino_kiri.txt
裏切り,uragiri.txt
お魚女史,osakana_jyoshi.txt
織田信長,odanobunaga.txt
お奈良さま,onarasama.txt
おみな,omina.txt
オモチャ箱,omochabako.txt
女占師の前にて,onnauranaishino_mae.txt
外套と青空,gaitoto_aozora.txt
我鬼,gaki.txt
影のない犯人,kagenonai_hannin.txt
カストリ社事件,kasutorisha_jiken.txt
風と光と二十の私と,kazeto_hikarito.txt
風博士,kaze_hakase.txt
神サマを生んだ人々,kamisamao_undahitobito.txt
姦淫に寄す,kan'inni_yosu.txt
閑山,kanzan.txt
肝臓先生,kanzo_sensei.txt
梟雄,kyoyu.txt
金銭無情,kinsen_mujo.txt
金談にからまる詩的要素の神秘性に就て,kindanni_karamaru_shiteki.txt
ぐうたら戦記,gutara_senki.txt
暗い青春,kurai_seishun.txt
黒田如水,kuroda_josui.txt
黒谷村,kurotanimura.txt
群集の人,gunshuno_hito.txt
桂馬の幻想,keimano_genso.txt
決戦川中島　上杉謙信の巻,kessen_kawanakajima.txt
決闘,ketto.txt
現代忍術伝,gendai_ninjutsuden.txt
恋をしに行く（「女体」につゞく）,koio_shiniiku.txt
行雲流水,koun_ryusui.txt
傲慢な眼,gomanna_me.txt
木枯の酒倉から,kogarashino_sakagurakara.txt
古都,koto.txt
孤独閑談,kodoku_kandan.txt
桜の森の満開の下,sakurano_morino_mankaino.txt
三十歳,sanjussai.txt
山麓,sanroku.txt
死と影,shito_kage.txt
篠笹の陰の顔,shinozasano_kageno_kao.txt
出家物語,shukkemonogatari.txt
正午の殺人,shogono_satsujin.txt
ジロリの女,jirorino_onna.txt
人生案内,jinsei_annai.txt
心霊殺人事件,shinrei_satsujin_jiken.txt
蝉,semi.txt
禅僧,zenso.txt
戦争と一人の女,sensoto_hitorino_onna.txt
蒼茫夢,sobomu.txt
総理大臣が貰つた手紙の話,soridaijinga_moratta.txt
続戦争と一人の女,zoku_sensoto_hitorino.txt
退歩主義者,taiho_shugisha.txt
竹藪の家,takeyabuno_ie.txt
小さな部屋,chiisana_heya.txt
中庸,chuyo.txt
町内の二天才,chonaino_nitensai.txt
土の中からの話,tsuchino_nakakarano.txt
露の答,tsuyuno_kotae.txt
釣り師の心境,tsurishino_shinkyo.txt
鉄砲,teppo.txt
天才になりそこなつた男の話,tensaini_narisokonatta.txt
道鏡,dokyo.txt
都会の中の孤島,tokaino_nakano_koto.txt
波子,namiko.txt
南京虫殺人事件,nankinmushi_satsujinjiken.txt
南風譜,nanpufu.txt
握った手,nigitta_te.txt
逃げたい心,nigetai_kokoro.txt
霓博士の廃頽,nijihakaseno_haitai.txt
西東,nishi_higashi.txt
二十一,nijuichi.txt
二十七歳,nijushichi_sai.txt
日月様,nichigetsusama.txt
ニューフェイス,new_face.txt
二流の人,niryuno_hito.txt
能面の秘密,nomenno_himitsu.txt
白痴,hakuchi.txt
発掘した美女,hakkutsushita_bijyo.txt
花咲ける石,hanasakeru_ishi.txt
花火,hanabi.txt
母の上京,hahano_jokyo.txt
母を殺した少年,hahao_koroshita.txt
破門,hamon.txt
犯人,hannin.txt
Pierre Philosophale,pierre_philosophale.txt
投手殺人事件,pittya_satsujin_jiken.txt
風人録,fujinroku.txt
不可解な失恋に就て,fukakaina_shitsuren.txt
吹雪物語,fubuki_monogatari.txt
麓,fumoto.txt
ふるさとに寄する讃歌,furusatoni_yosuru_sanka.txt
文化祭,bunkasai.txt
勉強記,benkyoki.txt
帆影,hokage.txt
朴水の婚礼,bokusuino_konrei.txt
保久呂天皇,hokurotenno.txt
街はふるさと,machiwa_furusato.txt
魔の退屈,mano_taikutsu.txt
水鳥亭,mizudoritei.txt
無毛談,mumodan.txt
紫大納言,murasakidainagon.txt
村のひと騒ぎ,murano_hitosawagi.txt
餅のタタリ,mochino_tatari.txt
屋根裏の犯人,yaneurano_hannin.txt
山の神殺人,yamanokami_satsujin.txt
夜長姫と耳男,yonagahimeto_mimio.txt
落語・教祖列伝,04hienryu.txt
吝嗇神の宿,rinshokushinno_yado.txt
淪落の青春,rinrakuno_seishun.txt
老嫗面,roumen.txt
狼園,roen.txt
わが戦争に対処せる工夫の数々,waga_sensoni_taishoseru.txt
わが血を追ふ人々,wagachio_ou_hitobito.txt
訣れも愉し,wakaremo_tanoshi.txt
私は海をだきしめていたい,watashiwa_umio_dakishimete_itai.txt
私は海をだきしめてゐたい,watasiwa_umio_dakishimete.txt
「平家物語」ぬきほ（言文一致訳）,heikemonogatari_nukiho.txt
朝起の人達,asaokino_hitotatchi.txt
或良人の惨敗,aru_ryojinno_zanpai.txt
一年の計,ichinenno_kei.txt
英米笑話秀逸,eibei_showa_shuitsu.txt
恩師,onshi.txt
閣下,kakka.txt
女婿,josei.txt
秋草の顆,akikusano_mi.txt
或る嬰児殺しの動機,aru_eijigoroshi.txt
或る部落の五つの話,aru_murano_itsutsuno.txt
芋,imo.txt
馬,uma.txt
街底の熔鉱炉,gaiteino_yokoro.txt
街頭の偽映鏡,gaitono_gieikyo.txt
仮装観桜会,kaso_kan'okai.txt
機関車,kikansha.txt
喫煙癖,kitsuen_heki.txt
汽笛,kiteki.txt
狂馬,kyoba.txt
恐怖城,kyofujo.txt
首を失った蜻蛉,kubio_ushinatta_tonbo.txt
熊の出る開墾地,kumano_deru_kaikonchi.txt
栗の花の咲くころ,kurino_hana.txt
黒い地帯,kuroi_chitai.txt
錯覚の拷問室,sakkakuno_gomonshitsu.txt
三稜鏡,sanryokyo.txt
接吻を盗む女の話,seppun'o_nusumu_onna.txt
手品,tejina.txt
都会地図の膨脹,tokaichizuno_bocho.txt
再度生老人,nitoserojin.txt
秘密の風景画,himitsuno_fukeiga.txt
緑の芽,midorino_me.txt
土竜,mogura.txt
指,yubi.txt
指と指環,yubito_yubiwa.txt
猟奇の街,ryokino_machi.txt
おばあさん,obaasan.txt
右門捕物帖,38yamagarabijin_kagee.txt
十万石の怪談,jumangokuno_kaidan.txt
旗本退屈男,11daijuichiwa_chiyodajoe_norikonda_taikutsuotoko.txt
山県有朋の靴,yamagata_aritomono_kutsu.txt
流行暗殺節,ryuko_ansatsubushi.txt
老中の眼鏡,rojuno_megane.txt
岩魚,iwana.txt
縁談,endan.txt
『七面鳥』と『忘れ褌』,shichimencho_fundoshi.txt
支那の狸汁,shinano_tanukijiru.txt
しゃもじ（杓子）,shamoji.txt
純情狸,junjodanuki.txt
増上寺物語,zojoji_monogatari.txt
盗難,tonan.txt
苦力頭の表情,kuuriigashira.txt
シベリヤに近く,shiberiyani_chikaku.txt
放浪の宿,horono_yado.txt
粟田口霑笛竹（澤紫ゆかりの咲分）,awadaguchi_02awadaguchi.txt
牛車,ushiguruma.txt
怪談牡丹灯籠,botandoro_04botandoro.txt
鰍沢雪の夜噺（小室山の御封、玉子酒、熊の膏薬）,kajikazawa_yukino_yobanashi.txt
華族のお医者,kazokuno_oisha.txt
敵討札所の霊験,katakiuchi_fudasho_reigen.txt
菊模様皿山奇談,kikumoyo_sarayama_kidan.txt
狂言の買冠,kyogenno_kaikaburi.txt
霧陰伊香保湯煙,kirigakure.txt
黄金餅,koganemochi.txt
詩好の王様と棒縛の旅人,shizukino_osama.txt
士族の商法,shizokuno_shoho.txt
七福神詣,shichifukujinmairi.txt
吝嗇家,shiwanbo.txt
心眼,shingan.txt
真景累ヶ淵,shinkei_kasanegafuchi.txt
政談月の鏡,tukinokagami_ruby.txt
西洋の丁稚,seiyono_decchi.txt
世辞屋,sejiya.txt
大仏餅。袴着の祝。新まへの盲目乞食,daibutsumochi.txt
業平文治漂流奇談,narihira_ruby.txt
日本の小僧,nihonno_kozo.txt
にゆう,nyu.txt
根岸お行の松　因果塚の由来,ingazuka_ruby.txt
年始まはり,nenshimawari.txt
後の業平文治,nochinobunji_ruby.txt
文七元結,bunshichi_ruby.txt
松と藤芸妓の替紋,matsuto_fuji_geigino_kaemon.txt
昔の大名の心意気,mukashino_daimyono.txt
明治の地獄,meijino_jigoku.txt
名人長二,meijin_chouji.txt
八百屋,yaoya.txt
闇夜の梅,yamiyonoume_ruby.txt
行倒の商売,yukidaoreno_shobai.txt
（洋）金の勘定を仕ずに来た,kaneno_kanjo.txt
落語の濫觴,rakugono_ransho.txt
（和）茗荷,myoga.txt
赤蛙,akagaeru.txt
一過程,ichikatei.txt
ジガ蜂,jigabachi.txt
第一義の道,daiichigino_michi.txt
鰊漁場,nishin_gyojo.txt
盲目,momoku.txt
癩,rai.txt
黎明,reimei.txt
朝飯,asameshi.txt
嵐,arashi.txt
ある女の生涯,aruonnano_shogai.txt
家,ie_jyo.txt
幼き日,osanaki_hi.txt
岩石の間,gansekino_aida.txt
旧主人,kyusyujin_ruby.txt
刺繍,shishu.txt
出発,shuppatsu.txt
食堂,shokudo.txt
新生,shinsei.txt
足袋,tabi.txt
突貫,tokkan.txt
並木,namiki.txt
破戒,hakai.txt
船,fune_ruby.txt
分配,bunpai.txt
芽生,mebae_ruby.txt
夜明け前,04yoakemae2_ge.txt
藁草履,warazouri.txt
地上,chijo.txt
二人の男,futarino_otoko.txt
若芽,wakame.txt
一青年異様の述懐,ichiseinen_iyono_jukkai.txt
今様夫婦気質,imayo_fufu_katagi.txt
移民学園,imin_gakuen.txt
葛のうら葉,kuzuno_uraha.txt
心の鬼,kokorono_oni.txt
小むすめ,komusume.txt
こわれ指環,koware_yubiwa.txt
したゆく水,shitayuku_mizu.txt
磯馴松,sonarematsu.txt
誰が罪,taga_tsumi.txt
当世二人娘,tosei_futarimusume.txt
野路の菊,nojino_kiku.txt
もつれ糸,motsure_ito.txt
次郎物語,jiromonogatari_5.txt
泥の雨,dorono_ame.txt
青草,aokusa.txt
静物,seibutsu.txt
青白き夢,aojiroki_yume.txt
秋は淋しい,akiwa_sabishii.txt
嫂,ane.txt
かなしみの日より,kanashimino_hi_yori.txt
幸福への道,koufuku.txt
咲いてゆく花,saiteyuku_hana.txt
惨事のあと,sanjino_ato.txt
三十三の死,sanjusanno_shi.txt
珠,tama.txt
晩餐,bansan.txt
雛鳥の夢,hinadorino_yume.txt
駅夫日記,ekifu_nikki.txt
青いポアン,aoi_poan.txt
化粧,kesho.txt
ジェイン・グレイ遺文,jane_gray_ibun.txt
地獄,jigoku.txt
死児変相,shiji_henso.txt
垂水,tarumi.txt
灰色の眼の女,haiirono_meno_onna.txt
ハビアン説法,habian_seppo.txt
水と砂,mizuto_suna.txt
水に沈むロメオとユリヤ,mizuni_shizumu.txt
三つの挿話,mittsuno_sowa.txt
雪の宿り,yukino_yadori_shinkana.txt
夜の鳥,yoruno_tori.txt
わが心の女,waga_kokorono_onna.txt
黒白ストーリー,kokubyaku_story.txt
岡の家,okano_ie.txt
千鳥,chidori.txt
やどなし犬,yadonashi_inu.txt
小壺狩,kotsubogari.txt
幽霊の芝居見,yureino_shibaimi.txt
利休と遠州,rikyuto_enshu.txt
枯尾花,kareobana.txt
凍るアラベスク,koru_arabesuku.txt
新らしき祖先,atarashiki_sosen.txt
田舎医師の子,inakaishino_ko.txt
野の哄笑,nono_kosho.txt
六月,rokugatsu.txt
草藪,kusayabu.txt
斑鳩物語,ikaruga_monogatari.txt
一の酉,ichino_tori.txt
釜ヶ崎,kamagasaki.txt
現代詩,gendaishi.txt
大凶の籤,daikyono_kuji.txt
日本三文オペラ,nihon_sanmon_opera.txt
反逆の呂律,hangyakuno_roretsu.txt
I can speak,i_can_speak.txt
あさましきもの,asamasiki_mono.txt
兄たち,anitachi.txt
或る忠告,aru_chukoku.txt
老ハイデルベルヒ,aruto_haideruberuhi.txt
一問一答,ichimon_itto.txt
陰火,inka.txt
ヴィヨンの妻,viyon.txt
嘘,uso.txt
右大臣実朝,udaijin_sanetomo.txt
姥捨,ubasute.txt
黄金風景,ogon_fukei.txt
黄村先生言行録,oson_sensei.txt
桜桃,oto.txt
おさん,osan.txt
おしゃれ童子,oshare_doji.txt
お伽草紙,otogi_zoshi.txt
音について,otoni_tsuite.txt
親という二字,oyatoyu__niji.txt
駈込み訴え,kakekomi_uttae.txt
佳日,kajitsu.txt
花燭,kashoku.txt
風の便り,kazeno_tayori.txt
喝采,kassai.txt
家庭の幸福,katei_ruby.txt
貨幣,kahei_ruby.txt
鴎,kamome.txt
彼は昔の彼ならず,mukashinokare.txt
玩具,gangu.txt
帰去来,kikyorai.txt
逆行,gyakko_shinshin.txt
饗応夫人,kyoo_fujin.txt
狂言の神,kyogenno_kami.txt
虚構の春,kyokono_haru.txt
魚服記,gyofukuki.txt
きりぎりす,kirigirisu.txt
禁酒の心,kinshuno_kokoro.txt
グッド・バイ,goodbye.txt
乞食学生,kojiki_gakusei.txt
古典風,kotenfu.txt
猿ヶ島,sarugashima.txt
猿面冠者,sarumen_kanjya_shin.txt
散華,sange.txt
市井喧争,shisei_kenso.txt
失敗園,shippaien.txt
斜陽,shayo.txt
十二月八日,junigatsu_yoka.txt
秋風記,shufuki.txt
女生徒,joseito.txt
女類,jorui.txt
新釈諸国噺,shin_shokokubanashi.txt
新樹の言葉,shinjuno_kotoba.txt
親友交歓,shin'yu_kokan.txt
水仙,suisen.txt
雀,suzume.txt
正義と微笑,seigito_bisho.txt
清貧譚,seihintan.txt
惜別,sekibetsu.txt
善蔵を思う,zenzoo_omou.txt
創生記,soseiki.txt
俗天使,zokutensi.txt
ダス・ゲマイネ,das_gemeine.txt
たずねびと,tazunebito.txt
誰,dare.txt
誰も知らぬ,daremo_shiranu.txt
男女同権,danjo_doken.txt
小さいアルバム,chiisai_arubamu.txt
地球図,chikyuzu.txt
畜犬談,chikukendan.txt
竹青,chikusei.txt
チャンス,chansu.txt
千代女,chiyojo.txt
津軽,tsugaru.txt
デカダン抗議,decadence_kogi.txt
鉄面皮,tetsumenpi.txt
東京だより,tokyodayori.txt
東京八景,tokyo_hakkei.txt
道化の華,dokeno_hana.txt
トカトントン,tokatonton.txt
二十世紀旗手,nijusseiki_kishu.txt
人間失格,ningen_shikkaku.txt
葉,ha.txt
薄明,hakumei.txt
葉桜と魔笛,hazakurato_mateki.txt
恥,haji.txt
走ラヌ名馬,hashiranu_meiba.txt
走れメロス,hashire_merosu.txt
八十八夜,hachijuhachiya.txt
花吹雪,hanafubuki.txt
春の盗賊,haruno_tozoku.txt
パンドラの匣,pandorano_hako.txt
眉山,bizan.txt
美少女,bishojo.txt
美男子と煙草,bidansito_tabako.txt
火の鳥,hinotori_kyukana.txt
皮膚と心,hifuto_kokoro.txt
HUMAN LOST,human_lost.txt
フォスフォレッスセンス,phosphorescence.txt
富嶽百景,fugaku_hyakkei.txt
不審庵,fushinan.txt
待つ,matsu.txt
満願,mangan.txt
未帰還の友に,mikikanno_tomoni.txt
みみずく通信,mimizuku_tsushin.txt
女神,megami.txt
めくら草紙,mekura_zosi.txt
雌に就いて,mesuni_tsuite.txt
メリイクリスマス,merryxmas.txt
盲人独笑,mojin_dokusho.txt
やんぬる哉,yannurukana.txt
雪の夜の話,yukino_yono_hanashi.txt
懶惰の歌留多,randano_karuta.txt
リイズ,lease.txt
律子と貞子,ritsukoto_sadako.txt
令嬢アユ,reijo_ayu.txt
列車,ressha_kyukyu.txt
ロマネスク,romanesuku.txt
渡り鳥,wataridori.txt
五大堂,godaido.txt
生不動,ikifudo.txt
葛根湯,kakkonto.txt
棚田裁判長の怪死,tanadasaibanchono_kaishi.txt
墓が呼んでいる,hakaga_yondeiru.txt
藍瓶,aigame.txt
藍微塵の衣服,aimijinno_kimono.txt
青い紐,aoi_himo.txt
赤い牛,akai_ushi.txt
赤い土の壺,akai_tsuchino_tsubo.txt
赤い花,akai_hana.txt
あかんぼの首,akanbono_kubi.txt
悪僧,akuso.txt
朝倉一五〇,asakura150.txt
尼になった老婆,amani_natta_roba.txt
雨夜草紙,amayo_zoshi.txt
雨夜続志,amayo_zokushi.txt
雨夜詞,ameyo_kotoba.txt
怪しき旅僧,ayashiki_tabiso.txt
ある神主の話,aru_kannushino_hanashi.txt
虎杖採り,itadoritori.txt
一緒に歩く亡霊,isshoniaruku.txt
位牌田,ihaida.txt
位牌と鼠,ihaito_nezumi.txt
岩魚の怪,iwanano_kai.txt
宇賀長者物語,ukano_choja_monogatari.txt
馬の顔,umano_kao.txt
海坊主,umibozu.txt
おいてけ堀,oitekebori.txt
唖の妖女,oshino_yojo.txt
追っかけて来る飛行機,okkaketekuru_hikoki.txt
男の顔,otokono_kao.txt
鬼火を追う武士,onibio_ou_busi.txt
お化の面,obakeno_men.txt
阿芳の怨霊,oyosino_onryo.txt
女の怪異,onnano_kaii.txt
女の首,onnano_kubi.txt
女の姿,onnano_sugata.txt
女の出る蚊帳,onnano_deru_kaya.txt
蛾,ga.txt
海異志,kaiishi.txt
海神に祈る,kaijinni_inoru.txt
怪人の眼,kaijinno_me.txt
怪僧,kaisou.txt
怪談覚帳,kaidan_oboecho.txt
怪談会の怪異,kaidankaino_kaii.txt
牡蠣船,kakibune.txt
累物語,kasane_monogatari.txt
鍛冶の母,kajino_haha.txt
蟹の怪,kanino_kai.txt
竈の中の顔,kamadono_nakano_kao.txt
蟇の血,gamano_chi.txt
亀の子を握ったまま,kamenokoo_nigittamama.txt
雁,gan.txt
簪につけた短冊,kanzashini_tsuketa_tanzaku.txt
義人の姿,gijin_ruby.txt
狐の手帳,kitsuneno_techo.txt
義猫の塚,gibyono_tsuka.txt
切支丹転び,kirishitan_korobi.txt
空中に消えた兵曹,kuchuni_kieta_heiso.txt
草藪の中,kusayabuno_naka.txt
薬指の曲り,kusuriyubino_magari.txt
首のない騎馬武者,kubino_nai_kibamusha.txt
車屋の小供,kurumayano_kodomo.txt
黒い蝶,kuroi_cho.txt
警察署長,keisatsushocho.txt
月光の下,gekkono_shita.txt
幻術,genjutsu.txt
狐狗狸の話,kokurino_hanashi.txt
法衣,koromo.txt
鮭の祟,sakeno_tatari.txt
皿屋敷,sarayasiki.txt
参宮がえり,sangu_gaeri.txt
地獄の使,jigokuno_tsukai.txt
死体を喫う学生,shitaio_ku_gakusei.txt
死人の手,shininno_te.txt
蛇怨,jaen.txt
終電車に乗る妖婆,shudenshani_noru_yoba.txt
春心,shunshin.txt
焦土に残る怪,shodoni_nokoru_kai.txt
商売の繁昌する家,shobaino_hanjosuru_ie.txt
女賊記,jozokuki.txt
白い小犬を抱いた女,shiroi_koinuo_daita_onna.txt
白いシヤツの群,shiroi_shatsuno_mure.txt
白い花赤い茎,shiroi_hana_akai_kuki.txt
白っぽい洋服,shiroppoi_yofuku.txt
神仙河野久,shinsen_konohisashi.txt
死んでいた狒狒,shindeita_hihi.txt
人面瘡物語,jinmenso_monogatari.txt
水郷異聞,suigo_ibun.txt
水面に浮んだ女,suimenni_ukanda_onna.txt
雀が森の怪異,suzumegamorino_kaii.txt
雀の宮物語,suzumenomiya_monogatari.txt
棄轎,sutekago.txt
炭取り,sumitori.txt
前妻の怪異,zensaino_kaii.txt
戦死者の凱旋,senshishano_gaisen.txt
仙術修業,senjutsu_shugyo.txt
千匹猿の鍔,senbikizaruno_tsuba.txt
雑木林の中,zokibayashino_naka.txt
葬式の行列,sosikino_gyoretsu.txt
立山の亡者宿,tateyamano_mojayado.txt
狸と同棲する人妻,tanukito_dosei_hitozuma.txt
狸と俳人,tanukito_haijin.txt
長者,choja.txt
提灯,chochin.txt
築地の川獺,tsukijino_kawauso.txt
机の抽斗,tsukueno_hikidashi.txt
鼓の音,tsuzumino_ne.txt
海嘯のあと,tsunamino_ato.txt
天井裏の妖婆,tenjourano_yoba.txt
天井からぶらさがる足,tenjokara_burasagaru_ashi.txt
天長節の式場,tenchosetsuno_shikijo.txt
通魔,torima.txt
とんだ屋の客,tondayano_kyaku.txt
隧道内の怪火,tonnerunaino_kaika.txt
長崎の電話,nagasakino_denwa.txt
南北の東海道四谷怪談,tokaido_yotsuyakaidan.txt
遁げて往く人魂,nigeteiku_hitodama.txt
二通の書翰,nitsuno_shokan.txt
庭の怪,niwano_kai.txt
偶人物語,ningyo_monogatari.txt
人蔘の精,ninjinno_sei.txt
沼田の蚊帳,numatano_kaya.txt
猫の踊,nekonoodori_ruby.txt
蠅供養,hae_kuyo.txt
八人みさきの話,hachininmisaki.txt
這って来る紐,hattekuru_himo.txt
花の咲く比,hanano_sakukoro.txt
母親に憑る霊,hahaoyani_noriutsuru_rei.txt
母の変死,hahano_henshi.txt
飛行機に乗る怪しい紳士,hikokini_noru_ayashii_shinshi.txt
一握の髪の毛,hitonigirino_kamino_ke.txt
人のいない飛行機,hitono_inai_hikoki.txt
平山婆,hirayama_baba.txt
貧乏神物語,binboumonogatari.txt
藤の瓔珞,fujino_yagura.txt
不動像の行方,fudozono_yukue.txt
風呂供養の話,furokuyono_hanasi.txt
文妖伝,bunyoden.txt
碧玉の環飾,hekigyokuno_wakazari.txt
室の中を歩く石,heyano_nakao_aruku_ishi.txt
忘恩,boon.txt
帽子のない水兵,boshino_nai_suihei.txt
放生津物語,hojotsu_monogatari.txt
宝蔵の短刀,houzou_ruby.txt
法華僧の怪異,hokkesono_kaii.txt
堀切橋の怪異,horikiribashino_kaii.txt
魔王物語,mao_monogatari.txt
真紅な帆の帆前船,makkana_hono_homaesen.txt
魔の電柱,mano_denchu.txt
港の妖婦,minatono_yofu.txt
娘の生霊,musumeno_ikiryo.txt
村の怪談,muranokaidan_ruby.txt
萌黄色の茎,moegiirono_kuki.txt
餅を喫う,mochio_kuu.txt
疫病神,yakubyogami.txt
火傷した神様,yakedoshita_kamisama.txt
屋根の上の黒猫,yaneno_ueno_kuroneko.txt
山姑の怪,yamaubano_kai.txt
山寺の怪,yamaderano_kai.txt
山の怪,yamano_kai.txt
幽霊の衣裳,yureino_isho.txt
幽霊の自筆,yuurei_ruby.txt
雪の夜の怪,yukino_yoruno_kai.txt
指環,yubiwa.txt
妖怪記,yokaiki.txt
妖女の舞踏する踏切,yojono_butosuru_fumikiri.txt
妖蛸,yodako.txt
寄席の没落,yoseno_botsuraku.txt
四谷怪談,yotsuya_kaidan.txt
頼朝の最後,yoritomono_saigo.txt
掠奪した短刀,ryakudatsushita_tanto.txt
料理番と婢の姿,ryoribanto_jochuno_sugata.txt
レンズに現われた女の姿,renzuni_arawareta_onnano.txt
轆轤首,rokurokubi.txt
オリンポスの果実,olympos_ruby.txt
さようなら,sayounara_ruby.txt
野狐,yako.txt
踊る地平線,13fuki.txt
石ころ路,ishikoromichi.txt
医師高間房一氏,ishi_takama_fusaichi_shi.txt
鳥羽家の子供,tobakeno_kodomo.txt
南方,nanpo.txt
木乃伊の口紅,miirano_kuchibeni.txt
アカシヤの花,akashiyano_hana.txt
ある僧の奇蹟,arusono_kiseki.txt
アンナ、パブロオナ,anna_paburona.txt
一室,isshitsu.txt
一兵卒,ippeisotsu.txt
田舎教師,inakakyoshi.txt
草道,kusamichi.txt
草みち,kusamichi_jo.txt
重右衛門の最後,juemonno_saigo.txt
少女病,shoujobyou.txt
新茶のかおり,shinchano_kaori.txt
石窟,sekkutsu.txt
時子,tokiko.txt
トコヨゴヨミ,tokoyo_goyomi.txt
ネギ一束,negihitotaba.txt
蒲団,futon.txt
道綱の母,michitsunano_haha.txt
うつり香,utsuriga.txt
狂乱,kyoran.txt
黒髪,kurokami.txt
霜凍る宵,shimokoru_yoi.txt
別れたる妻に送る手紙,wakaretaru_tsuma.txt
春の落葉,haruno_ochiba.txt
ある幻想曲の序,aru_gensokyokuno_jo.txt
蒼白い月,aojiroi_tsuki.txt
足迹,ashiato.txt
あらくれ,arakure_ruby.txt
新世帯,arajotai.txt
或売笑婦の話,arubaishofuno_hanashi.txt
仮装人物,kasojinbutsu.txt
黴,kabi.txt
躯,karada.txt
縮図,shukuzu.txt
絶望,zetsubo.txt
挿話,sowa.txt
爛,tadare.txt
チビの魂,chibino_tamashii.txt
のらもの,noramono.txt
媒介者,baikaisha.txt
花が咲く,hanaga_saku.txt
風呂桶,furooke.txt
町の踊り場,machino_odoriba.txt
和解,wakai.txt
光をかかぐる人々,hikario_kakaguru_hitobito.txt
麦の芽,mugino_me.txt
眼,me.txt
日を愛しむ,hio_itooshimu.txt
澪標,miotsukushi.txt
夢幻泡影,mugenhoei.txt
落日の光景,rakujitsuno_kokei.txt
あめんちあ,amentia.txt
秋の幻,akino_maboroshi.txt
悪夢,akumu.txt
浅間噴火口,asamafunkako.txt
朝やけ,asayake.txt
或る男の手記,aruotokono_shuki.txt
或る女の手記,aruonnano_shuki.txt
或る作家の厄日,arusakkano_yakubi.txt
或る素描,aru_sobyo.txt
怒りの虫,ikarino_mushi.txt
失われた半身,ushinawareta_hanshin.txt
運命のままに,unmeino_mamani.txt
丘の上,okano_ue.txt
阿亀,okame.txt
叔父,oji.txt
男ぎらい,otokogirai.txt
溺るるもの,oborurumo.txt
愚かな一日,orokana_ichinichi.txt
恩人,onjin.txt
女心の強ければ,onnagokoro_tsuyokereba.txt
女と帽子,onnato_boshi.txt
崖下の池,gakeshitano_ike.txt
過渡人,katonin.txt
悲しい誤解,kanashii_gokai.txt
画舫,gabo.txt
神棚,kamidana.txt
変る,kawaru.txt
乾杯,kanpai.txt
傷痕の背景,kizuatono_haikei.txt
擬体,gitai.txt
狐火,kitsunebi.txt
牛乳と馬,gyunyuto_uma.txt
霧の中,kirino_naka.txt
楠の話,kusunokino_hanashi.txt
蔵の二階,kurano_nikai.txt
群集,gunshu.txt
化生のもの,keshono_mono.txt
月明,getsumei.txt
好人物,kojinbutsu.txt
香奠,koden.txt
黒点,kokuten.txt
湖水と彼等,kosuito_karera.txt
孤独者の愛,kodokushano_ai.txt
古木,koboku.txt
蠱惑,kowaku.txt
子を奪う,koo_ubau.txt
在学理由,zaigaku_riyu.txt
坂田の場合,sakatano_baai.txt
山上湖,sanjoko.txt
椎の木,shiino_ki.txt
死因の疑問,shiinno_gimon.txt
潮風,shiokaze.txt
塩花,shiobana.txt
死ね！,shine.txt
死の前後,shino_zengo.txt
自由人,jiyujin.txt
春盲,shunmo.txt
常識,joshiki.txt
小説中の女,shosetsuchuno_onna.txt
食慾,shokuyoku.txt
庶民生活,shomin_seikatsu.txt
白藤,shirafuji.txt
白い朝,shiroi_asa.txt
白蛾,shiroga.txt
秦の出発,shinno_shuppatsu.txt
秦の憂愁,shinno_yushu.txt
生あらば,seiaraba.txt
生と死との記録,seitoshitono_kiroku.txt
聖女人像,seinyoninzo.txt
絶縁体,zetsuentai.txt
操守,soshu.txt
高尾ざんげ,takao_zange.txt
蛸の如きもの,takono_gotoki_mono.txt
立枯れ,tachigare.txt
立札,tatefuda.txt
狸石,tanukiishi.txt
田原氏の犯罪,taharashino_hanzai.txt
旅だち,tabidachi.txt
球突場の一隅,tamatsukibano_ichigu.txt
小さき花にも,chiisakihananimo.txt
父の形見,chichino_katami.txt
千代次の驚き,chiyojino_odoroki.txt
月かげ,tsukikage.txt
憑きもの,tsukimono.txt
椿の花の赤,tsubakino_hanano_aka.txt
田園の幻,den'enno_maboroshi.txt
電車停留場,denshateiryujo.txt
道化役,dokeyaku.txt
童貞,dotei.txt
道標,dohyo.txt
同胞,doho.txt
都会の幽気,tokaino_yuki.txt
特殊部落の犯罪,tokushuburaku.txt
渡舟場,tosenba.txt
土地,tochi.txt
土地に還る,tochinikaeru.txt
鳶と柿と鶏,tobito_kakito_tori.txt
どぶろく幻想,doburoku_genso.txt
囚われ,toraware.txt
新妻の手記,niizumano_shuki.txt
肉体,nikutai.txt
二等車に乗る男,nitoshani_noru_otoko.txt
女客一週間,nyokyaku_ishukan.txt
人間繁栄,ningen_han'ei.txt
沼のほとり,numano_hotori.txt
猫捨坂,nekosutezaka.txt
野ざらし,nozarashi.txt
白日夢,hakujitsumu.txt
白塔の歌,hakutono_uta.txt
白木蓮,hakumokuren.txt
裸木,hadakagi.txt
波多野邸,hatanotei.txt
白血球,hakkekkyu.txt
花子の陳述,hanakono_chinjutsu.txt
花ふぶき,hanahubuki.txt
母親,hahaoya.txt
反抗,hanko.txt
非情の愛,hijono_ai.txt
一つの愛情,hitotsuno_aijo.txt
人の国,hitono_kuni.txt
碑文,hibun.txt
広場のベンチ,hirobano_bench.txt
復讐,fukushu.txt
不肖の兄,fushono_ani.txt
古井戸,furuido.txt
ヘヤーピン一本,hairpin.txt
変な男,henna_otoko.txt
程よい人,hodoyoi_hito.txt
祭りの夜,matsurinoyoru.txt
窓にさす影,madoni_sasu_kage.txt
幻の彼方,maboroshino_kanata.txt
水甕,mizugame.txt
三つの嘘,mittsuno_uso.txt
三つの悲憤,mittsuno_hihun.txt
南さんの恋人,minamisanno_koibito.txt
未来の天才,miraino_tensai.txt
無法者,muhomono.txt
紫の壜,murasakino_bin.txt
ものの影,monono_kage.txt
山吹の花,yamabukino_hana.txt
夢の図,yumeno_zu.txt
慾,yoku.txt
落雷のあと,rakuraino_ato.txt
掠奪せられたる男,ryakudatsu_seraretaru_otoko.txt
林檎,ringo.txt
別れの辞,wakareno_ji.txt
リラの手紙,rirano_tegami.txt
鍵屋の辻,kagiyanotsuji.txt
寛永武道鑑,kan'ei_budokagami.txt
巌流島,ganryujima.txt
傾城買虎之巻,keiseikai.txt
近藤勇と科学,kondoisamito_kagaku.txt
三人の相馬大作,sanninno_soma_daisaku.txt
新訂雲母阪,shintei_kirarazaka.txt
相馬の仇討,souma.txt
寺坂吉右衛門の逃亡,terasaka_kichiemon.txt
南国太平記,nangoku_taiheiki.txt
ロボットとベッドの重量,robottoto_beddono_juryo.txt
畦道,azemichi.txt
或夜,aruyo.txt
男ごゝろ,otokogokoro.txt
買出し,kaidashi.txt
妾宅,shotaku.txt
すみだ川,sumidagawa.txt
つゆのあとさき,tsuyuno_atosaki.txt
にぎり飯,nigirimeshi.txt
羊羹,yokan.txt
組合旗を折る,kumiaikiwooru.txt
大菩薩峠,41yashibayashino_maki.txt
百姓弥之助の話,01shokuminchino_maki.txt
山道,yamamichi.txt
盈虚,eikyo.txt
かめれおん日記,kamereon_kyu.txt
狐憑,kitsunetsuki.txt
牛人,gyujin.txt
悟浄出世,gojoshusse.txt
悟浄歎異,gojotanni.txt
山月記,sangetsuki.txt
セトナ皇子（仮題）,setonaoji.txt
弟子,deshi.txt
斗南先生,tonan_sensei.txt
虎狩,tora_gari.txt
南島譚,03niwatori.txt
光と風と夢,hikarito_kazeto_yume.txt
文字禍,mojika.txt
妖氛録,yofunroku.txt
李陵,riryo.txt
狼疾記,roshitsuki.txt
芋掘り,imohori.txt
おふさ,ofusa.txt
教師,kyoshi.txt
商機,shoki.txt
白瓜と青瓜,shirourito_aouri.txt
太十と其犬,tajyutosonoinu.txt
隣室の客,rinshitsuno_kyaku.txt
イボタの虫,ibotano_mushi.txt
夜汽車の食堂,yogishano_shokudo.txt
良子,yoshiko.txt
青銅の基督,seidono_christ.txt
一夜,ichiya.txt
薤露行,kairoko.txt
草枕,kusamakura.txt
虞美人草,gubijinso.txt
行人,koujin.txt
坑夫,kofu.txt
琴のそら音,kotono_sorane.txt
三四郎,sanshiro.txt
趣味の遺伝,shumino_iden.txt
それから,sorekara.txt
二百十日,nihyakutoka.txt
野分,nowaki.txt
彼岸過迄,higansugimade.txt
文鳥,buncho.txt
坊っちゃん,bocchan.txt
幻影の盾,maboroshino_tate.txt
道草,michikusa.txt
門,mon.txt
夢十夜,yume_juya.txt
吾輩は猫である,wagahaiwa_nekodearu.txt
一兵卒と銃,ippeisotsuto_ju.txt
Ｓ中尉の話,s_chuino_hanashi.txt
霧の夜に,kirino_yoruni.txt
修道院の秋,shudoinno_aki.txt
女盗,nyotou_ruby.txt
猫又先生,nekomata_sensei.txt
ハルピンの一夜,harupinno_ichiya.txt
赤い蝋燭,akai_rosoku.txt
ウサギ,usagi.txt
坂道,sakamichi.txt
童話における物語性の喪失,dowani_okeru_monogatarisei.txt
陳情書,chinjosho.txt
墓場,hakaba.txt
放浪作家の冒険,horosakkano_boken.txt
白い光と上野の鐘,shiroi_hikarito.txt
暗夜の白髪,yamino_shiraga.txt
青い眼鏡,aoi_megane.txt
悪人の娘,akuninno_musume.txt
悪魔の顔,akumano_kao.txt
江戸の火術,edono_kajutsu.txt
黄金を浴びる女,ogon'o_abiru_onna.txt
大江戸黄金狂,oedo_ogonkyo.txt
踊る美人像,odoru_bijinzo.txt
女記者の役割,onnakishano_yakuwari.txt
音波の殺人,onpano_satsujin.txt
奇談クラブ〔戦後版〕,17hakuhatsuno_koi.txt
禁断の死針,kindanno_shishin.txt
十字架観音,kurusu_kannon.txt
古城の真昼,kojono_mahiru.txt
古銭の謎,kosenno_nazo.txt
死の予告,shino_yokoku.txt
銭形平次捕物控,150yarino_ore_shinjishinkana.txt
死の舞踏,dansu_makaburu.txt
礫心中,tsubute_shinju.txt
天保の飛行術,tenpono_hikojutsu.txt
呪の金剛石,noroino_daiyamondo.txt
百唇の譜,hyakushinno_fu.txt
葬送行進曲,hyuneraru_machi.txt
法悦クラブ,hoetsu_kurabu.txt
判官三郎の正体,hogan_saburono_shotai.txt
芳年写生帖,yoshitoshi_shaseicho.txt
裸身の女仙,rashinno_nyosen.txt
流行作家の死,ryuko_sakkano_shi.txt
猟色の果,ryoshokuno_hate.txt
笑う悪魔,warau_akuma.txt
二十三夜,nijyusanya.txt
日清戦争異聞,nisshinsenso_ibun.txt
猫町,nekomachi.txt
越後獅子,echigojishi.txt
監獄部屋,kangokubeya.txt
自殺を買う話,jisatsuo_kau_hanashi.txt
小曲,shokyoku.txt
地図にない街,chizuninai_machi.txt
撞球室の七人,dokyushitsuno_shichinin.txt
糸繰沼,itotorinuma.txt
うづみ火,uzumibi.txt
討たせてやらぬ敵討,utaseteyaranu_katakiuchi.txt
悪魔の弟子,akumano_deshi.txt
彼が殺したか,karega_koroshitaka.txt
彼は誰を殺したか,karewa_dareo_koroshitaka.txt
殺された天一坊,korosareta_tenichibo.txt
死者の権利,shishano_kenri.txt
黄昏の告白,tasogareno_kokuhaku.txt
途上の犯人,tojono_hannin.txt
夢の殺人,yumeno_satsujin.txt
仇討たれ戯作,adautare_gesaku.txt
寛永相合傘,kanei_aiaigasa.txt
釘抜藤吉捕物覚書,13chuni_uku_mukuro.txt
口笛を吹く武士,kuchibueo_fukubushi.txt
元禄十三年,genroku_jusannen.txt
巷説享保図絵,kosetsu_kyoho_zue.txt
丹下左膳,tangesazen_nikkonomaki.txt
つづれ烏羽玉,tsuzure_ubatama.txt
早耳三次捕物聞書,04umie_kaeru_onna.txt
平馬と鶯,heimato_uguisu.txt
煩悩秘文書,bonno_hibunsho.txt
魔像,mazo.txt
愛する人達,aisuru_hitotachi.txt
朝夕,asayu.txt
美しい犬,utsukushii_inu.txt
絵本,ehon.txt
帯広まで,obihiromade.txt
貸家探し,kashiya_sagashi.txt
河沙魚,kawahaze.txt
幸福の彼方,kofukuno_kanata.txt
婚期,konki.txt
魚の序文,sakanano_jobun.txt
秋果,shuka.txt
就職,shushoku.txt
新版　放浪記,horoki.txt
清修館挿話,seishukan_sowa.txt
清貧の書,seihinno_sho.txt
下町,downtown.txt
谷間からの手紙,tanimakarano_tegami.txt
多摩川,tamagawa.txt
小さい花,chiisai_hana.txt
泣虫小僧,nakimushi.txt
濡れた葦,nureta_asi.txt
瀑布,bakufu.txt
晩菊,bangiku.txt
風琴と魚の町,fukinto_sakanano_machi.txt
放浪記（初出）,horoki_shoshutsu.txt
崩浪亭主人,horotei_shujin.txt
瑪瑙盤,menoban.txt
夜福,yorufuku.txt
「リラ」の女達,rirano_onnatachi.txt
淪落,rinraku.txt
海に生くる人々,umini_ikuru_hitobito.txt
工場の窓より,kojono_madoyori.txt
坑夫の子,kofuno_ko.txt
死屍を食う男,shikabaneo_kuu_otoko.txt
浚渫船,shunsetsusen.txt
セメント樽の中の手紙,sementodaru.txt
乳色の靄,chichiirono_moya.txt
生爪を剥ぐ,namazumeo_hagu.txt
氷雨,hisame.txt
万福追想,manpuku_tsuiso.txt
牢獄の半日,rogokuno_hannichi.txt
労働者の居ない船,rodoshano_inai_fune.txt
秋日記,akinikki.txt
アトモス,atomosu.txt
淡雪,awayuki.txt
椅子と電車,isuto_densha.txt
稲妻,inazuma.txt
飢ゑ,ue.txt
牛を調弄ふ男,ushio_karakau_otoko.txt
美しき死の岸に,utsukushiki_shino_kishini.txt
永遠のみどり,eienno_midori.txt
縁起に就いて,engini_tsuite.txt
温度,ondo.txt
壊滅の序曲,kaimetsunojokyoku_shinkana.txt
顔の椿事,kaono_chinji.txt
滑走,kasso.txt
閑人,kanjin.txt
奇蹟,kiseki.txt
恐怖教育,kyofu_kyoiku.txt
霧,kiri.txt
苦しく美しき夏,kurushiku_utsukushiki_natsu.txt
氷花,koribana.txt
五月,gogatsu.txt
コレラ,korera.txt
災厄の日,saiyakuno_hi.txt
残雪,zansetsu.txt
三人,sannin.txt
潮干狩,shiohigari.txt
四月五日,shigatsu_itsuka.txt
地獄の門,jigokuno_mon.txt
四五ニズム述懐,shigonizumu_jukkai.txt
舌,shita.txt
死のなかの風景,shino_nakano_fukei.txt
秋旻,shubin.txt
白い呼吸,shiroi_kokyu.txt
心願の国,shingannokuni.txt
焚いてしまふ,taite_shimau.txt
丹那トンネル開通祝ひ,tanna_tonneru_kaitsu_iwai.txt
小さな村,chiisanamura.txt
父が生んだ赤ん坊,chichiga_unda_akanbo.txt
鎮魂歌,chinkonka.txt
溺死・火事・スプーン,dekishi_kaji_spoon.txt
透明な輪,tomeina_wa.txt
曇天,donten.txt
渚,nagisa.txt
夏の花,natsuno_hana.txt
夏の日のちぎれ雲,natsunohino_chigiregumo.txt
難船,nansen.txt
虹,niji.txt
廃墟から,haikyokara.txt
背後,haigo.txt
鳩,hato.txt
馬頭観世音,bato_kanzeon.txt
針,hari.txt
火の踵,hinokakato.txt
火の唇,hino_kuchibiru.txt
火の子供,hinokodomo.txt
雲雀病院,hibari_byoin.txt
比喩,hiyu.txt
藤の花,fujino_hana.txt
二つの死,futatsunoshi.txt
冬日記,fuyunikki.txt
冬晴れ,fuyubare.txt
遍歴,henreki.txt
酸漿,hoozuki.txt
星のわななき,hoshinowananaki.txt
焔,hono.txt
街の断片,machino_danpen.txt
真夏日の散歩,manatsubino_sanpo.txt
夕凪,yunagi.txt
夢と人生,yumeto_jinsei.txt
よみがへる父,yomigaeru_chichi.txt
忘れもの,wasuremono.txt
棉の花,watano_hana.txt
あきあはせ,akiawase.txt
雨の夜,ameno_yo.txt
うつせみ,utusemi.txt
うらむらさき,uramurasaki.txt
大つごもり,otugomori.txt
琴の音,kotono_ne.txt
この子,konoko.txt
さをのしづく,saono_shizuku.txt
十三夜,jusanya.txt
すゞろごと,suzurogoto.txt
たけくらべ,takekurabe.txt
月の夜,tsukino_yo.txt
にごりえ,nigorie.txt
軒もる月,nokimoru_tsuki.txt
闇桜,yamizakura.txt
ゆく雲,yuku_kumo.txt
別れ霜,wakarejimo.txt
わかれ道,wakaremichi.txt
顎十郎捕物帳,24imori.txt
海豹島,azarashito.txt
あなたも私も,anatamo_watashimo.txt
猪鹿蝶,ino_shika_cho.txt
奥の海,okuno_umi.txt
犂氏の友情,karasukishino_yujo.txt
キャラコさん,11atarashiki_shuppatsu.txt
金狼,kinro.txt
黒い手帳,kuroi_techo.txt
骨仏,kotsubotoke.txt
昆虫図,konchuzu.txt
春雪,shunsetsu.txt
新西遊記,shin_saiyuki.txt
鈴木主水,suzuki_mondo.txt
西林図,seirinzu.txt
だいこん,daikon.txt
藤九郎の島,tokurono_shima.txt
野萩,nohagi.txt
ノンシャラン道中記,08enbifukuno_jisatsu.txt
肌色の月,hadairono_tsuki.txt
平賀源内捕物帳,sannosaino_ozo.txt
復活祭,fukkatsusai.txt
母子像,boshizo.txt
墓地展望亭,bochitenbotei.txt
魔都,mato.txt
水草,mizukusa.txt
無月物語,mugetsumonogatari.txt
ユモレスク,humoresque.txt
予言,yogen.txt
黄泉から,yomikara.txt
人魚,ningyo.txt
糞尿譚,funnyotan.txt
逆徒,gyakuto.txt
公判,kohan.txt
二黒の巳,jikokuno_mi.txt
畜生道,chikushodo.txt
瘢痕,hankon.txt
夜烏,yogarasu.txt
悪魔の聖壇,akumano_seidan.txt
頭と足,atamato_ashi.txt
アパートの殺人,apatono_satsujin.txt
或る探訪記者の話,aru_tanbokishano_hanashi.txt
オパール色の手紙,oparu_irono_tegami.txt
犠牲者,giseisha.txt
人造人間,jinzo_ningen.txt
誰が何故彼を殺したか,darega_naniyue_kareo.txt
鉄の規律,tetsuno_kiritsu.txt
動物園の一夜,dobutsuenno_ichiya.txt
謎の女,nazono_onna.txt
夏の夜の冒険,natsuno_yono_boken.txt
華やかな罪過,hanayakana_zaika.txt
二人の盲人,futarino_mojin.txt
祭の夜,matsurino_yoru.txt
山吹町の殺人,yamabukichono_satsujin.txt
予審調書,yoshin_chosho.txt
私はかうして死んだ！,watashiwa_koshite_shinda.txt
今戸心中,imado_shinju.txt
浮雲,ukigumo.txt
平凡,heibon.txt
赤い斑紋,akai_hanmon.txt
いのちの初夜,inochino_shoya.txt
女給,jokyu.txt
モルモット,mormot.txt
伊勢物語など,isemonogatarinado.txt
美しい村,utsukushii_mura.txt
Ｘ氏の手帳,xshino_techo.txt
姨捨,obasute.txt
おもかげ,omokage.txt
かげろうの日記,kagerono_nikki.txt
風立ちぬ,kaze_tachinu.txt
死の素描,shino_sobyo.txt
水族館,suizokukan.txt
聖家族,seikazoku.txt
旅の絵,tabino_e.txt
鳥料理,tori_ryori.txt
菜穂子,naoko.txt
楡の家,nireno_ie.txt
眠れる人,nemureru_hito.txt
馬車を待つ間,bashao_matsu_aida.txt
花を持てる女,hanao_moteru_onna.txt
羽ばたき,habataki.txt
晩夏,banka.txt
不器用な天使,bukiyona_tenshi.txt
朴の咲く頃,hono_sakukoro.txt
麦藁帽子,mugiwara_bosi.txt
燃ゆる頬,moyuru_ho.txt
雪の上の足跡,yukino_ueno.txt
幼年時代,yonen_jidai.txt
ルウベンスの偽画,rubens_no_giga.txt
石狩川,ishikarigawa.txt
お菜のない弁当,osaino_nai_bento.txt
白い壁,shiroi_kabe.txt
前夜,zenya.txt
とも喰い,tomogui.txt
□本居士,honkoji.txt
アリゾナの女虎,arizonano_metora.txt
生きている戦死者,ikiteiru_senshisha.txt
運命のＳＯＳ,unmeino_sos.txt
上海された男,shanghaisareta_otoko.txt
女肉を料理する男,jonikuo_ryorisuru_otoko.txt
助五郎余罪,sukegoro_yozai.txt
戦雲を駆る女怪,senun'o_karu_jokai.txt
双面獣,somenju.txt
チャアリイは何処にいる,charlie_wa_dokoni_iru.txt
土から手が,tsuchikara_tega.txt
舞馬,buma.txt
ヤトラカン・サミ博士の椅子,yatorakan_sami_hakase.txt
浴槽の花嫁,yokusono_hanayome.txt
ロウモン街の自殺ホテル,romongaino_jisatsuhoteru.txt
Ｒ漁場と都の酒場で,r_gyojoto_miyakono.txt
茜蜻蛉,akanetonbo.txt
明るく・暗く,akaruku_kuraku.txt
秋晴れの日,akibareno_hi.txt
秋・二日の話,aki_futsukano_hanashi.txt
悪筆,akuhitsu.txt
熱海線私語,atamisen_shigo.txt
熱海へ,atamie.txt
熱い風,atsuikaze.txt
熱い砂の上,atsuisunano_ue.txt
或る五月の朝の話,arugogatsuno_asano.txt
或る日の運動,aruhino_undo.txt
「或る日の運動」の続き,aruhino_undono_tsuzuki.txt
「悪」の同意語,akuno_doigo.txt
池のまはり,ikeno_mawari.txt
歌へる日まで,utaeruhimade.txt
Ｆ村での春,f_muradeno_haru.txt
鸚鵡のゐる部屋,omuno_iru_heya.txt
鸚鵡の思ひ出,omuno_omoide.txt
小川の流れ,ogawano_nagare.txt
お蝶の訪れ,ochono_otozure.txt
驚いた話,odoroita_hanashi.txt
鬼の門,onino_mon.txt
愚かな朝の話,orokana_asano_hanashi.txt
女に臆病な男,onnani_okubyona_otoko.txt
蚊,ka.txt
ガール・シヤイ挿話,girl_shy_sowa.txt
街上スケツチ,gaijo_sketch.txt
海棠の家,kaidono_ie.txt
海路,kairo.txt
鏡地獄,kagamijigoku.txt
蔭ひなた,kagehinata.txt
駆ける朝,kakeru_asa.txt
鵞鳥の家,gachono_ie.txt
川を遡りて,kawao_sakanoborite.txt
環魚洞風景,kangyodo_fukei.txt
鬼涙村,kinadamura.txt
奇友往来,kiyuorai.txt
極夜の記,kyokuyano_ki.txt
疑惑の城,giwakuno_shiro.txt
くもり日つゞき,kumoribi_tsuzuki.txt
繰舟で往く家,kurifunede_yukuie.txt
競馬の日,keibano_hi.txt
公園へ行く道,koene_ikumichi.txt
好色夢,koshokumu.txt
交遊秘話,koyuhiwa.txt
凩日記,kogarashi_nikki.txt
木枯の吹くころ,kogarashino_fukukoro.txt
坂道の孤独参昧,sakamichino_kodokuzanmai.txt
サクラの花びら,sakurano_hanabira.txt
酒盗人,sake_nusutto.txt
サロメと体操,sarometo_taiso.txt
山峡の村にて,sankyono_muranite.txt
サンニー・サイド・ハウス,sunny_side_house.txt
失題,shitsudai.txt
祝福された星の歌,shukufukusareta_hoshino.txt
女優,jyoyu.txt
心象風景,shinshofukei.txt
心象風景（続篇）,shinshofukei_zokuhen.txt
西瓜喰ふ人,suikakuuhito.txt
砂浜,sunahama.txt
スプリングコート,spring_coat.txt
西部劇通信,seibugeki_tsushin.txt
ゼーロン,zeron.txt
泉岳寺附近,sengakuji_fukin.txt
センチメンタル・ドライヴ,sentimental_drive.txt
ゾイラス,zoirasu.txt
創作生活にて,sosakuseikatsu_nite.txt
早春のひところ,soshunno_hitokoro.txt
ダイアナの馬,daianano_uma.txt
滝のある村,takino_aru_mura.txt
黄昏の堤,tasogareno_tsutsumi.txt
ダニューヴの花嫁,danube_no_hanayome.txt
断唱,dansho.txt
タンタレスの春,tantaresuno_haru.txt
地球儀,chikyugi.txt
痴日,chijitsu.txt
痴酔記,chisuiki.txt
痴想,chiso.txt
父の百ヶ日前後,chichino_hyakkanichi.txt
父を売る子,chichio_uru_ko.txt
塚越の話,tsukagoshino_hanashi.txt
月あかり,tsukiakari.txt
鶴がゐた家,tsurugaita_ie.txt
吊籠と月光と,tsurubeto_gekkoto.txt
天狗洞食客記,tengudo_shokkakuki.txt
東京駅にて感想,tokyoekinite_kanso.txt
闘戦勝仏,tosenshobutsu.txt
毒気,dokuke.txt
凸面鏡,totsumenkyo.txt
夏ちかきころ,natsutikakikoro.txt
波の戯れ,namino_tawamure.txt
南風譜・梗概,nanpufu_kogai.txt
肉桂樹,nikkei.txt
沼辺より,numabeyori.txt
眠い一日,nemui_ichinichi.txt
剥製,hakusei.txt
馬車の歌,bashano_uta.txt
馬上の春,bajono_haru.txt
バラルダ物語,bararuda_monogatari.txt
パンアテナイア祭の夢,pan'atenaiasaino_yume.txt
晩春の健康,banshunno_kenko.txt
ピエル・フオン訪問記,pieru_fon_homonki.txt
陽に酔つた風景,hikariniyotta_fukei.txt
病状,byojo.txt
ビルヂングと月,building_to_tsuki.txt
フアウスト,faust.txt
ファティアの花鬘,fatiano_hanakazura.txt
風媒結婚,fubai_kekkon.txt
風流旅行,furyu_ryoko.txt
二日間のこと,futsukakanno_koto.txt
舞踏会余話,butokai_yowa.txt
船の中の鼠,funeno_nakano_nezumi.txt
冬の風鈴,fuyuno_furin.txt
冬物語,fuyumonogatari.txt
ブロンズまで,buronzumade.txt
変装綺譚,hensokitan.txt
鞭撻,bentatsu.txt
貧しき日録,mazushiki_nichiroku.txt
街角,machikado.txt
真夏の朝のひとゝき,manatsuno_asano_hitotoki.txt
円卓子での話,maru_table_deno_hanashi.txt
昔の歌留多,mukashino_karuta.txt
武者窓日記,mushamado_nikki.txt
娘とドリアン,musumeto_dorian.txt
村のストア派,murano_sutoaha.txt
妄想患者,mosokanja.txt
寄生木と縄梯子,yadorigito_nawabashigo.txt
籔のほとり,yabuno_hotori .txt
山男と男装の美女,yamaotokoto_dansono_bijo.txt
山彦の街,yamabikono_machi.txt
山を降る一隊,yamaokudaru_ittai.txt
山を越えて,yamaokoete.txt
幽霊の出る宮殿,yureinoderu_kyuden.txt
雪景色,yukigeshiki.txt
夜見の巻,yomino_maki.txt
夜の奇蹟,yoruno_kiseki.txt
鎧の挿話,yoroino_sowa.txt
ラガド大学参観記,ragadodaigaku_sankanki.txt
裸虫抄,rachusho.txt
ランプの便り,lamp_no_tayori .txt
ランプの明滅,ranpuno_meimetsu.txt
るい,rui.txt
老猾抄,rokatsusho.txt
露路の友,rojino_tomo.txt
若い作家と蠅,wakaisakkato_hae.txt
初看板,hatsukanban.txt
花枕,hanamakura.txt
入江のほとり,irieno_hotori.txt
奇怪な客,kikaina_kyaku.txt
新婚旅行,shinkonryoko.txt
玉の輿,tamanokoshi.txt
母と子,hahato_ko.txt
避病院,hibyoin.txt
孫だち,magodachi.txt
見て過ぎた女,mite_sugita_onna.txt
アリア人の孤独,ariajinno_kodoku.txt
職工と微笑,shokkoto_bisho.txt
ラ氏の笛,rashino_fue.txt
謎の街,nazono_machi.txt
Ｐ丘の殺人事件,p_okano_satsujinjiken.txt
日蔭の街,hikageno_machi.txt
宝石の序曲,houseki.txt
暴風雨に終わった一日,bofuu.txt
緑衣の女,ryokuino_onna.txt
艶容万年若衆,hadesugata_mannen_wakashu.txt
雪之丞変化,yukinojo_henge.txt
解剖室,kaiboshitsu.txt
虚弱,kyojaku.txt
水郷,suigo.txt
昔の女,mukashino_onna.txt
嘘をつく日,usoo_tsukuhi.txt
輝ける朝,kagayakeru_asa.txt
悔,kui.txt
散歩,sanpo.txt
白い雌鷄の行方,shiroi_mendori.txt
日の光を浴びて,hinohikario_abite.txt
響,hibiki.txt
夜の浪,yoruno_nami.txt
北国の人,kitagunino_hito.txt
帰途,kito.txt
香油,koyu.txt
黄昏,tasogare.txt
月見草,tsukimiso.txt
月夜峠,tsukiyotoge.txt
テレパシー,telepathy.txt
遠野へ,tonoe.txt
取り交ぜて,torimazete.txt
大阪の宿,osakano_yado.txt
山の手の子,yamanoteno_ko.txt
藪の鶯,yabuno_uguisu.txt
泉鏡花作『外科室』,izumikyoka_saku_gekashitsu.txt
秋田街道,akita_kaido.txt
あけがた,akegata.txt
朝に就ての童話的構図,asanitsuiteno.txt
或る農学生の日誌,aru_nogakuseino_nisshi.txt
いてふの実,ichono_mi.txt
うろこ雲,urokogumo.txt
学者アラムハラドの見た着物,gakusha_aramuharado.txt
花壇工作,kadan_kosaku.txt
家長制度,kachoseido.txt
革トランク,kawatoranku.txt
疑獄元兇,gigoku_genkyo.txt
さいかち淵,saikachibuchi.txt
山地の稜,sanchino_ryo.txt
十六日,jurokunichi.txt
税務署長の冒険,zeimu_shochono_boken.txt
台川,daikawa.txt
大礼服の例外的効果,taireifukuno_reigaitekikoka.txt
丹藤川〔「家長制度」先駆形〕,tandogawa.txt
電車,densha.txt
毒蛾,dokuga.txt
床屋,tokoya.txt
楢ノ木大学士の野宿,naranoki_daigakushi.txt
二十六夜,nijurokuya.txt
沼森,numamori.txt
猫の事務所,nekono_jimusho.txt
バキチの仕事,bakichino_shigoto.txt
化物丁場,bakemono_choba.txt
花椰菜,hanayasai.txt
林の底,hayashino_soko.txt
ひかりの素足,hikarino_suashi.txt
ビジテリアン大祭,vegetarian_taisai.txt
ひのきとひなげし,hinokito_hinageshi.txt
氷河鼠の毛皮,hyoganezumino_kegawa.txt
二人の役人,futarino_yakunin.txt
葡萄水,budosui.txt
フランドン農学校の豚,hurandon_nogakko.txt
北守将軍と三人兄弟の医者,hokushushogun.txt
マグノリアの木,magnoriano_ki.txt
マリヴロンと少女,malibranto_shojo.txt
柳沢,yanagisawa.txt
山男の四月,yamaotokono_shigatsu.txt
やまなし,yamanasi.txt
よく利く薬とえらい薬,yokukikukusurito.txt
ラジュウムの雁,radium.txt
龍と詩人,ryuto_shijin.txt
若い木霊,wakai_kodama.txt
ある職工の手記,aru_shokkono_shuki.txt
老残,rozan.txt
赤い貨車,akai_kasha.txt
明るい海浜,akarui_kaihin.txt
秋毛,akige.txt
秋の反射,akino_hansha.txt
朝の風,asano_kaze.txt
雨が降って居る,amega_futteiru.txt
或る日,aruhi.txt
杏の若葉,anzuno_wakaba.txt
伊太利亜の古陶,itariano_koto.txt
一刻,ikkoku.txt
一太と母,ittato_haha.txt
いとこ同志,itoko_doshi.txt
田舎風なヒューモレスク,inakafuna_humoresque.txt
ヴァリエテ,variete.txt
美しき月夜,utusukushikitukiyo.txt
午市,umaichi.txt
栄蔵の死,eizono_shi.txt
大いなるもの,oinarumono.txt
お久美さんと其の周囲,okumisanto_sono_shui.txt
お女郎蜘蛛,ojorogumo.txt
海浜一日,kaihin_ichijitsu.txt
海流,kairyu.txt
鏡の中の月,kagamino_nakano_tsuki.txt
鏡餅,kagami_mochi.txt
加護,kago.txt
風に乗って来るコロポックル,koropokkuru.txt
悲しめる心,kanashimeru_kokoro.txt
共同耕作,kyodo_kosaku.txt
グースベリーの熟れる頃,gooseberry.txt
九月の或る日,kugatsuno_aruhi.txt
黒い驢馬と白い山羊,kuroirobato_shiroiyagi.txt
黒馬車,kurobasha.txt
今朝の雪,kesano_yuki.txt
毛の指環,keno_yubiwa.txt
小祝の一家,koiwaino_ikka.txt
斯ういう気持,4169koyu_kimochi.txt
格子縞の毛布,kosijimano_mofu.txt
高台寺,kodaiji.txt
氷蔵の二階,hyouzono_nikai.txt
刻々,kokukoku.txt
心の河,kokorono_kawa.txt
小村淡彩,komura_tansai.txt
砂丘,sakyu.txt
雑沓,zatto.txt
三郎爺,saburoji.txt
三月の第四日曜,sangatsuno_daiyon.txt
三年前,sannenmae.txt
静かな日曜,shizukana_nichiyo.txt
死に対して,shini_taishite.txt
渋谷家の始祖,shibuyakenoshiso.txt
三鞭酒,champagne.txt
白い蚊帳,shiroikaya.txt
白い翼,shiroi_tsubasa.txt
沈丁花,jinchoge.txt
杉垣,sugigaki.txt
杉子,sugiko.txt
ズラかった信吉,zurakatta_shinkichi.txt
一九三二年の春,1932nenno_haru.txt
その年,sonotoshi.txt
たより,tayori.txt
だるまや百貨店,darumaya_hyakkaten.txt
蛋白石,tanpakuseki.txt
小さい子供,chisai_kodomo.txt
地は饒なり,chiwa_yutakanai.txt
乳房,chibusa.txt
千世子,chiyoko.txt
千世子（三）,chiyoko3.txt
千世子（二）,chiyoko2.txt
津軽の虫の巣,tsugarunomushinosu.txt
築地河岸,tsukiji_kasi.txt
つぼみ,tsubomi.txt
東京へ近づく一時間,tokyoe_chikazuku.txt
通り雨,toriame.txt
どんづまり,donzumari.txt
七階の住人,nanakaino_jyunin.txt
南路,nanro.txt
二月七日,nigatsunanoka.txt
錦木,nishikigi.txt
二十三番地,23banchi.txt
縫子,nuiko.txt
禰宜様宮田,negisamamiyata.txt
猫車,nekoguruma.txt
熱,netsu.txt
農村,noson.txt
伸子,nobuko.txt
播州平野,banshuheiya.txt
光のない朝,hikarinonaiasa.txt
ピッチの様に,picchino_yoni.txt
一つの出来事,hitotusnodekigoto.txt
一つの芽生,hitotsunomebae.txt
ひな勇はん,hinayuhan.txt
日は輝けり,hiwa_kagayakeri.txt
日々の映り,hibino_utsuri.txt
ピムキン、でかした！,pimkin_dekashita.txt
広場,hiroba.txt
風知草,fuchiso.txt
二つの庭,futatsunoniwa.txt
二人いるとき,futari_irutoki.txt
冬の海,fuyuno_umi.txt
古き小画,furuki_miniature.txt
部屋,heya.txt
帆,ho.txt
牡丹,botan.txt
舗道,hodo.txt
貧しき人々の群,mazusikihitobitonomure.txt
又、家,4174mata_ie.txt
町の展望,4205machino_tenbo.txt
未開な風景,mikaina_fukei.txt
道づれ,michizure.txt
妙な子,myona_ko.txt
昔の火事,mukashino_kaji.txt
聟,muko.txt
無題（七）,4209mudai7.txt
面積の厚み,mensekinoatsumi.txt
文字のある紙片,mojinoaru_shihen.txt
夜の若葉,yoruno_wakaba.txt
我に叛く,warenisomuku.txt
われらの家,4168warerano_ie.txt
肌の匂い,hadano_nioi.txt
食道楽,shokudoraku_akino_maki.txt
源氏物語,56yumeno_ukihashi.txt
悪魔の舌,akumano_shita.txt
殺人行者,satsujin_gyoja.txt
蒼白き巣窟,aojiroki_sokutsu.txt
あじゃり,ajari.txt
或る少女の死まで,aru_shojono_shimade.txt
荻吹く歌,ogi_fuku_uta.txt
お小姓児太郎,okosho_kotaro.txt
幻影の都市,gen'eino_toshi.txt
香爐を盗む,koroo_nusumu.txt
三階の家,sankaino_ie.txt
舌を噛み切った女,shitao_kamikitta_onna.txt
しゃりこうべ,sharikobe.txt
末野女,suenome.txt
性に眼覚める頃,seini_mezameru_koro.txt
玉章,tamazusa.txt
巷の子,chimatano_ko.txt
津の国人,tsuno_kunibito.txt
童子,doji.txt
後の日の童子,nochino_hino_doji.txt
野に臥す者,noni_fusu_mono.txt
花桐,hanagiri.txt
はるあはれ,haru_aware.txt
姫たちばな,hime_tachibana.txt
不思議な魚,fushigina_sakana.txt
みずうみ,mizuumi.txt
ゆめの話,yumeno_hanashi.txt
あそび,asobi.txt
阿部一族,abe_ichizoku.txt
伊沢蘭軒,izawa_ranken.txt
ヰタ・セクスアリス,vita_sexualis.txt
うたかたの記,utakatano_ki.txt
大塩平八郎,oshio_heihachiro.txt
興津弥五右衛門の遺書,okitsu_yagoemonno_isho.txt
興津弥五右衛門の遺書（初稿）,okitsu_yagoemon_shoko.txt
カズイスチカ,kazuisuchika.txt
かのように,kano_yoni.txt
牛鍋,gyunabe.txt
魚玄機,gyogenki.txt
栗山大膳,kuriyama_daizen.txt
護持院原の敵討,gojiingahara.txt
木精,kodama.txt
細木香以,saiki_koi.txt
最後の一句,saigono_ikku.txt
堺事件,sakaijiken.txt
杯,sakazuki.txt
里芋の芽と不動の目,satoimono_me.txt
佐橋甚五郎,sahashi_jingoro.txt
山椒大夫,sanshodayu.txt
ぢいさんばあさん,jiisan_baasan.txt
渋江抽斎,shibue_chusai.txt
心中,shinju.txt
椙原品,suginohara_shina.txt
青年,seinen.txt
そめちがへ,somechigae.txt
高瀬舟,takasebune.txt
沈黙の塔,chinmokuno_to.txt
追儺,tsuina.txt
津下四郎左衛門,tsuge_shirozaemon.txt
独身,dokushin.txt
鶏,niwatori.txt
鼠坂,nezumizaka.txt
花子,hanako.txt
普請中,fushinchu.txt
文づかひ,fumizukai.txt
蛇,hebi.txt
妄想,moso.txt
安井夫人,yasui_fujin.txt
余興,yokyo.txt
四十八人目,yonjuhachininme.txt
女心拾遺,onnagokoroshui.txt
神楽坂,kagurazaka.txt
鴻ノ巣女房,konosunyobo.txt
旅役者の妻より,tabiyakushano_tsumayori.txt
茶粥の記,chagayuno_ki.txt
凍雲,toun.txt
反逆,hangyaku.txt
罠を跳び越える女,wanao_tobikoeru.txt
青銅鬼,seidoki.txt
怪物屋敷,bakemonoyashiki.txt
一つ枕,hitotsumakura.txt
誘拐者,yukaisha.txt
流転,ruten.txt
十姉妹,jushimatsu.txt
仙人掌の花,shabotenno_hana.txt
抱茗荷の説,dakimyogano_setsu.txt
悪魔祈祷書,akuma_kitosho.txt
あやかしの鼓,ayakashino_tuzumi.txt
縊死体,ishitai.txt
いなか、の、じけん,inakano_jiken.txt
難船小僧,sos_boy.txt
Ｓ岬西洋婦人絞殺事件,s_misaki.txt
奥様探偵術,okusama_tanteijutsu.txt
押絵の奇蹟,oshieno_kiseki.txt
オンチ,onchi.txt
女坑主,onna_koshu.txt
骸骨の黒穂,gaikotsuno_kuronbo.txt
怪夢,kaimu.txt
鉄鎚,kanazuchi.txt
髪切虫,kamikirimushi.txt
キチガイ地獄,kichigai_jigoku.txt
狂歌師赤猪口兵衛,kyokashi_akachokobe.txt
狂人は笑う,kyojinwa_warau.txt
斬られたさに,kiraretasani.txt
近眼芸妓と迷宮事件,kingan_geisha.txt
空を飛ぶパラソル,kuo_tobu_parasol.txt
けむりを吐かぬ煙突,kemurio_hakanu_entotsu.txt
ココナットの実,coconut_no_mi.txt
死後の恋,shigono_koi.txt
支那米の袋,shinamaino_fukuro.txt
芝居狂冒険,shibaikyou.txt
斜坑,shako.txt
巡査辞職,junsa_jishoku.txt
少女地獄,shojo_jigoku.txt
冗談に殺す,jodanni_korosu.txt
衝突心理,shototsu_shinri.txt
白菊,shiragiku.txt
白くれない,shirokurenai.txt
木魂,sudama.txt
戦場,senjo.txt
線路,senro.txt
卵,tamago.txt
超人鬚野博士,chojin_higenohakase.txt
ドグラ・マグラ,dogura_magura.txt
二重心臓,nijuushinzou.txt
人間腸詰,ningen_sausage.txt
人間レコード,ningenrecord.txt
爆弾太平記,bakudan_taiheiki.txt
一足お先に,hitoashi_osakini.txt
人の顔,hitono_kao.txt
ビルディング,building.txt
瓶詰地獄,binzume_jigoku.txt
焦点を合せる,focus_o_awaseru.txt
夫人探索,fujin_tansaku.txt
継子,mamako.txt
無系統虎列剌,mukeito_korera.txt
名君忠之,meikun_tadayuki.txt
名娼満月,meisho_mangetsu.txt
冥土行進曲,meido_koshinkyoku.txt
眼を開く,meo_hiraku.txt
山羊髯編輯長,yagihige.txt
幽霊と推進機,yureito_screw.txt
霊感！,reikan.txt
老巡査,rojunsa.txt
一条の詭弁,ichijyono_kiben.txt
御身,onmi_ruby.txt
機械,kikai.txt
汚ない家,kitanai_ie.txt
時間,jikan.txt
静かなる羅列,shizukanaru_raretsu.txt
上海,shanhai.txt
神馬,shinba.txt
犯罪,tsumi.txt
七階の運動,nanakaino_undo.txt
ナポレオンと田虫,napoleonto_tamushi.txt
南北,nanboku.txt
日輪,nichirin.txt
花園の思想,hanazonono_shiso.txt
春は馬車に乗って,haruhabasyani_ruby.txt
火,hi_ruby.txt
冬の女,fuyuno_onna.txt
街の底,machino_soko.txt
マルクスの審判,marukusuno_shinpan.txt
盲腸,mocho.txt
夜の靴,yoruno_kutsu.txt
旅愁,ryoshu.txt
笑われた子,warawareta_ko.txt
女が来て,onnaga_kite.txt
御門主,gomonshu.txt
執達吏,shittatsuri.txt
素描,sobyo.txt
蓬生,yomogiu.txt
上杉謙信,uesugikenshin.txt
大岡越前,ookaechizen.txt
大谷刑部,otani_gyobu.txt
御鷹,otaka.txt
篝火の女,kagaribino_onna.txt
魚紋,gyomon.txt
銀河まつり,ginga_matsuri.txt
雲霧閻魔帳,kumokiri_enmacho.txt
下頭橋由来,getobashi_yurai.txt
三国志,12hengaiyoroku.txt
私本太平記,13kokubyaku_jo.txt
醤油仏,shoyu_botoke.txt
治郎吉格子,jirokichi_koshi.txt
新書太閤記,shinsho_taikoki06.txt
死んだ千鳥,shinda_chidori.txt
増長天王,zocho_tenno.txt
平の将門,tairanomasakado.txt
田崎草雲とその子,tazaki_sounto_sonoko.txt
茶漬三略,chazuke_sanryaku.txt
夏虫行燈,natsumushi_andon.txt
鍋島甲斐守,nabeshima_kainokami.txt
鳴門秘帖,narutohicho06.txt
日本名婦伝,tani_tateki_fujin.txt
人間山水図巻,ningen_sansui_zumaki.txt
野槌の百,nozuchino_hyaku.txt
旗岡巡査,hataoka_junsa.txt
八寒道中,hakkan_dochu.txt
春の雁,haruno_kari.txt
べんがら炬燵,bengara_kotatsu.txt
宮本武蔵,08enmyono_maki.txt
無宿人国記,mushuku_jinkokuki.txt
柳生月影抄,yagyu_tsukikage_sho.txt
山浦清麿,yamaura_kiyomaro.txt
夕顔の門,yugaono_mon.txt
大阪万華鏡,osaka_mangekyo.txt
女百貨店,onnahyakkaten.txt
恋の一杯売,koino_ippaiuri.txt
職業婦人気質,shokugyofujin.txt
新種族ノラ,shinshuzoku_nora.txt
スポールティフな娼婦,sportive.txt
戦争のファンタジイ,sensono_fantasy.txt
地図に出てくる男女,chizuni_detekuru_danjo.txt
東京ロマンティック恋愛記,tokyo_romantic.txt
バルザックの寝巻姿,balzac_no_nemakisugata.txt
飛行機から墜ちるまで,hikokikara_ochirumade.txt
孟買挿話,bonbei_sowa.txt
足の裏,ashino_ura.txt
息を止める男,ikio_tomeru_otoko.txt
宇宙爆撃,uchu_bakugeki.txt
火星の魔術師,kaseino_majutsushi.txt
腐った蜉蝣,kusatta_kagero.txt
幻聴,gencho.txt
孤独,kodoku.txt
自殺,jisatsu.txt
舌打する,shitauchisuru.txt
植物人間,shokubutsu_ningen.txt
蝕眠譜,shokuminfu.txt
睡魔,suima.txt
地図にない島,chizuni_nai_shima.txt
鉄路,tetsuro.txt
脳波操縦士,noha_sojushi.txt
白金神経の少女,purachina_shinkei.txt
古傷,furukizu.txt
夢鬼,muki.txt
歪んだ夢,yuganda_yume.txt
鱗粉,rinpun.txt
彼女こゝに眠る,kanozyo.txt
棄てる金,suterukane.txt
古鏡,furukagami.txt
梁上の足,ryojo.txt
烈日,retsujitsu.txt
一家,ikka.txt
姉妹,shimai.txt
ああ華族様だよ　と私は嘘を吐くのであった,aa_kazokusama.txt
赤い煙突,akai_entotsu.txt
或る母の話,aru_hahano_hanashi.txt
アンドロギュノスの裔,androgynous.txt
イワンとイワンの兄,iwan.txt
絵姿,esugata.txt
遺書に就て,kakiokini_tsuite.txt
可哀相な姉,kawaisona_ane.txt
氷れる花嫁,kooreru_hanayome.txt
十年後の映画界,junengono_eigakai.txt
少女,shojo.txt
勝敗,shohai.txt
シルクハット,silkhat.txt
象牙の牌,zogeno_hai.txt
父を失う話,chichio_ushinau_hanashi.txt
花嫁の訂正,hanayomeno_teisei.txt
薔薇の女,barano_onna.txt
風船美人,fuusenbijin.txt
兵士と女優,heishito_joyu.txt
兵隊の死,heitaino_shi.txt
浪漫趣味者として,roman_shumisha.txt
魔術,majutsu.txt
宇宙戦隊,uchu_sentai.txt
牢獄の花嫁,rogokuno_hanayome.txt
グリュックスブルグ王室異聞,guryukkusuburugu_oshitsu_ibun.txt
怪人二十面相,kaijin_nijumenso.txt
幻術天魔太郎,genjutsu_tenma_taro.txt
